weight,tier,split,dist_bin,n_traces,degenerate,p_recall,s_recall,p_med_prob,s_med_prob,mcc,p_mae_s,p_rmse_s,s_mae_s,s_rmse_s,p_outlier,s_outlier,outlier_thr_s,p_recall_t01,p_recall_t02,p_recall_t03,p_recall_t05,p_recall_t07,s_recall_t01,s_recall_t02,s_recall_t03,s_recall_t05,s_recall_t07
stead,A,all,local (<150km),15915,False,0.7734,0.6176,0.9034,0.6445,0.5637,0.3039,0.9011,1.4363,2.27,0.0585,0.353,1.5,0.8211,0.7937,0.7734,0.7303,0.6691,0.6537,0.6328,0.6176,0.5737,0.4538
stead,A,cross_domain,local (<150km),11846,False,0.6955,0.7361,0.798,0.732,0.3678,0.3921,1.0418,0.8552,1.6531,0.0785,0.2004,1.5,0.7596,0.7228,0.6955,0.6392,0.5635,0.7823,0.7557,0.7361,0.6799,0.535
stead,A,in_domain,local (<150km),4069,False,0.9993,0.3826,0.986,0.0009,0.95,0.048,0.1384,2.5879,3.1541,0.0005,0.6553,1.5,0.9995,0.9993,0.9993,0.9943,0.9754,0.3987,0.3893,0.3826,0.363,0.293
stead,A,all,regional (150-1500km),14477,False,0.6561,0.3868,0.6583,0.0591,0.6975,0.5007,1.1476,1.6331,2.3158,0.1004,0.4142,1.5,0.7252,0.6867,0.6561,0.5801,0.4731,0.4622,0.4165,0.3868,0.3105,0.1606
stead,A,cross_domain,regional (150-1500km),9180,False,0.4644,0.4707,0.2192,0.2228,0.4642,0.7174,1.4084,1.2306,1.9656,0.1515,0.2885,1.5,0.5693,0.51,0.4644,0.3659,0.2468,0.5642,0.5118,0.4707,0.3649,0.1818
stead,A,in_domain,regional (150-1500km),5297,False,0.9885,0.3074,0.966,0.027,0.9182,0.1251,0.4018,2.0136,2.6039,0.0117,0.5331,1.5,0.9955,0.993,0.9885,0.9513,0.8652,0.3657,0.3264,0.3074,0.2591,0.1405
stead,A,all,teleseismic (>1500km),1444,False,0.0145,,0.0,,,2.5167,3.0118,,,0.6489,,1.5,0.0256,0.0222,0.0145,0.009,0.0042,,,,,
stead,A,cross_domain,teleseismic (>1500km),1444,False,0.0145,,0.0,,,2.5167,3.0118,,,0.6489,,1.5,0.0256,0.0222,0.0145,0.009,0.0042,,,,,
stead,A,all,all,32144,False,0.6842,0.5546,0.7847,0.5046,0.5948,0.4951,1.1915,1.4794,2.2717,0.1045,0.3667,1.5,0.7401,0.7086,0.6842,0.6279,0.5484,0.602,0.5739,0.5546,0.5014,0.3724
stead,A,cross_domain,all,22778,False,0.5569,0.6774,0.4642,0.6586,0.3833,0.6614,1.4013,0.9311,1.7179,0.1448,0.2177,1.5,0.6341,0.5903,0.5569,0.487,0.3981,0.7344,0.7017,0.6774,0.6101,0.4562
stead,A,in_domain,all,9366,False,0.9932,0.3544,0.9777,0.0154,0.9381,0.0916,0.3157,2.3728,2.96,0.0068,0.6095,1.5,0.9972,0.9957,0.9932,0.97,0.9131,0.3863,0.3657,0.3544,0.3241,0.2359
instance,A,all,local (<150km),15915,False,0.9122,0.503,0.9208,0.3062,0.8482,0.2617,0.8591,1.494,2.3501,0.0495,0.355,1.5,0.9456,0.9272,0.9122,0.8725,0.7982,0.6227,0.5584,0.503,0.3811,0.2189
instance,A,cross_domain,local (<150km),11794,False,0.8866,0.4696,0.9041,0.2402,0.8207,0.3219,0.9803,1.6335,2.4846,0.0637,0.3898,1.5,0.9296,0.9059,0.8866,0.8394,0.7546,0.5822,0.5204,0.4696,0.3597,0.2067
instance,A,in_domain,local (<150km),4121,False,0.985,0.6419,0.948,0.4671,0.9615,0.0902,0.3199,0.9152,1.6806,0.009,0.2103,1.5,0.991,0.9881,0.985,0.9668,0.9226,0.7906,0.7158,0.6419,0.4701,0.2692
instance,A,all,regional (150-1500km),14477,False,0.9101,0.1034,0.8199,0.0277,0.9342,0.3213,0.8183,1.5951,2.2816,0.0515,0.4014,1.5,0.9525,0.9343,0.9101,0.8342,0.6798,0.3148,0.1844,0.1034,0.0232,0.003
instance,A,cross_domain,regional (150-1500km),10192,False,0.8877,0.0905,0.795,0.0207,0.9287,0.383,0.9284,1.7857,2.4433,0.0651,0.4567,1.5,0.9398,0.9169,0.8877,0.7998,0.6374,0.2762,0.1613,0.0905,0.0187,0.003
instance,A,in_domain,regional (150-1500km),4285,False,0.9634,0.1779,0.8602,0.1158,0.9656,0.1747,0.4603,0.498,0.8996,0.0194,0.0832,1.5,0.983,0.9757,0.9634,0.916,0.7809,0.5366,0.3171,0.1779,0.0488,0.0029
instance,A,all,teleseismic (>1500km),1444,False,0.1309,,0.0036,,,2.0496,2.6993,,,0.4972,,1.5,0.2348,0.1683,0.1309,0.0699,0.0381,,,,,
instance,A,cross_domain,teleseismic (>1500km),1444,False,0.1309,,0.0036,,,2.0496,2.6993,,,0.4972,,1.5,0.2348,0.1683,0.1309,0.0699,0.0381,,,,,
instance,A,all,all,32144,False,0.8757,0.3926,0.8643,0.1408,0.8712,0.3695,1.0007,1.5094,2.3187,0.0705,0.3644,1.5,0.9165,0.8961,0.8757,0.8184,0.7091,0.5385,0.4553,0.3926,0.2823,0.1593
instance,A,cross_domain,all,23738,False,0.8409,0.3616,0.8369,0.0952,0.8513,0.4533,1.1405,1.6596,2.4561,0.0904,0.4043,1.5,0.8915,0.8657,0.8409,0.7749,0.659,0.4963,0.4185,0.3616,0.2625,0.1487
instance,A,in_domain,all,8406,False,0.9739,0.5354,0.9099,0.3445,0.9625,0.1333,0.3977,0.8195,1.5368,0.0143,0.1811,1.5,0.9869,0.9818,0.9739,0.9409,0.8503,0.7323,0.6243,0.5354,0.3734,0.2081
neic,A,all,local (<150km),15915,False,0.5915,0.3003,0.3568,0.1632,0.4414,0.431,1.1506,1.4779,2.3042,0.0892,0.3581,1.5,0.8382,0.7343,0.5915,0.2075,0.0391,0.5664,0.4534,0.3003,0.0475,0.0029
neic,A,cross_domain,local (<150km),15915,False,0.5915,0.3003,0.3568,0.1632,0.4414,0.431,1.1506,1.4779,2.3042,0.0892,0.3581,1.5,0.8382,0.7343,0.5915,0.2075,0.0391,0.5664,0.4534,0.3003,0.0475,0.0029
neic,A,all,regional (150-1500km),14477,False,0.5114,0.11,0.3103,0.0379,0.1844,0.6131,1.3444,1.5761,2.2596,0.1216,0.3934,1.5,0.6824,0.6103,0.5114,0.2643,0.0508,0.3881,0.237,0.11,0.0096,0.0
neic,A,cross_domain,regional (150-1500km),14477,False,0.5114,0.11,0.3103,0.0379,0.1844,0.6131,1.3444,1.5761,2.2596,0.1216,0.3934,1.5,0.6824,0.6103,0.5114,0.2643,0.0508,0.3881,0.237,0.11,0.0096,0.0
neic,A,all,teleseismic (>1500km),1444,False,0.4806,,0.2945,,,0.7748,1.2752,,,0.1468,,1.5,0.8767,0.7168,0.4806,0.054,0.0007,,,,,
neic,A,in_domain,teleseismic (>1500km),1444,False,0.4806,,0.2945,,,0.7748,1.2752,,,0.1468,,1.5,0.8767,0.7168,0.4806,0.054,0.0007,,,,,
neic,A,all,all,32144,False,0.5509,0.2475,0.3354,0.1157,0.3717,0.5283,1.2456,1.4943,2.2812,0.1061,0.365,1.5,0.7696,0.6778,0.5509,0.2266,0.0426,0.5177,0.3937,0.2475,0.0366,0.0021
neic,A,cross_domain,all,30700,False,0.5542,0.2475,0.3397,0.1157,0.3717,0.5167,1.2442,1.4943,2.2812,0.1042,0.365,1.5,0.7645,0.676,0.5542,0.2348,0.0446,0.5177,0.3937,0.2475,0.0366,0.0021
neic,A,in_domain,all,1444,False,0.4806,,0.2945,,,0.7748,1.2752,,,0.1468,,1.5,0.8767,0.7168,0.4806,0.054,0.0007,,,,,
diting,B,all,local (<150km),15915,True,1.0,0.3741,1.0,0.0139,1.0,3.453,3.6465,2.4471,2.9808,0.9443,0.6444,1.5,1.0,1.0,1.0,1.0,1.0,0.4293,0.3983,0.3741,0.3159,0.2433
diting,B,cross_domain,local (<150km),15915,True,1.0,0.3741,1.0,0.0139,1.0,3.453,3.6465,2.4471,2.9808,0.9443,0.6444,1.5,1.0,1.0,1.0,1.0,1.0,0.4293,0.3983,0.3741,0.3159,0.2433
diting,B,all,regional (150-1500km),14477,True,1.0,0.1417,1.0,0.001,1.0,4.0159,4.126,1.9404,2.5581,0.984,0.4875,1.5,1.0,1.0,1.0,1.0,1.0,0.205,0.1672,0.1417,0.0886,0.0493
diting,B,cross_domain,regional (150-1500km),14477,True,1.0,0.1417,1.0,0.001,1.0,4.0159,4.126,1.9404,2.5581,0.984,0.4875,1.5,1.0,1.0,1.0,1.0,1.0,0.205,0.1672,0.1417,0.0886,0.0493
diting,B,all,teleseismic (>1500km),1444,True,1.0,,0.9995,,,3.817,4.0259,,,0.9169,,1.5,1.0,1.0,1.0,1.0,1.0,,,,,
diting,B,cross_domain,teleseismic (>1500km),1444,True,1.0,,0.9995,,,3.817,4.0259,,,0.9169,,1.5,1.0,1.0,1.0,1.0,1.0,,,,,
diting,B,all,all,32144,True,1.0,0.3102,1.0,0.0046,1.0,3.7247,3.8882,2.306,2.8689,0.9611,0.6006,1.5,1.0,1.0,1.0,1.0,1.0,0.3689,0.3353,0.3102,0.2531,0.1897
diting,B,cross_domain,all,32144,True,1.0,0.3102,1.0,0.0046,1.0,3.7247,3.8882,2.306,2.8689,0.9611,0.6006,1.5,1.0,1.0,1.0,1.0,1.0,0.3689,0.3353,0.3102,0.2531,0.1897
obs,B,all,local (<150km),15915,False,0.7382,0.4209,0.7388,0.2253,0.5524,0.6904,1.4718,1.6576,2.3271,0.1544,0.4258,1.5,0.8259,0.7794,0.7382,0.6595,0.5357,0.6569,0.5312,0.4209,0.2444,0.1078
obs,B,cross_domain,local (<150km),15915,False,0.7382,0.4209,0.7388,0.2253,0.5524,0.6904,1.4718,1.6576,2.3271,0.1544,0.4258,1.5,0.8259,0.7794,0.7382,0.6595,0.5357,0.6569,0.5312,0.4209,0.2444,0.1078
obs,B,all,regional (150-1500km),14477,False,0.5275,0.2802,0.3713,0.0557,0.4692,0.9287,1.6984,1.7007,2.3219,0.2008,0.4233,1.5,0.6253,0.5727,0.5275,0.4432,0.3219,0.439,0.3439,0.2802,0.178,0.0826
obs,B,cross_domain,regional (150-1500km),14477,False,0.5275,0.2802,0.3713,0.0557,0.4692,0.9287,1.6984,1.7007,2.3219,0.2008,0.4233,1.5,0.6253,0.5727,0.5275,0.4432,0.3219,0.439,0.3439,0.2802,0.178,0.0826
obs,B,all,teleseismic (>1500km),1444,False,0.0374,,0.0013,,,2.7676,3.2274,,,0.7008,,1.5,0.0741,0.054,0.0374,0.0229,0.0076,,,,,
obs,B,cross_domain,teleseismic (>1500km),1444,False,0.0374,,0.0013,,,2.7676,3.2274,,,0.7008,,1.5,0.0741,0.054,0.0374,0.0229,0.0076,,,,,
obs,B,all,all,32144,False,0.6103,0.3819,0.5654,0.1804,0.5266,0.8909,1.6903,1.6614,2.3179,0.1997,0.4227,1.5,0.7006,0.6523,0.6103,0.5319,0.414,0.5965,0.4794,0.3819,0.2266,0.1009
obs,B,cross_domain,all,32144,False,0.6103,0.3819,0.5654,0.1804,0.5266,0.8909,1.6903,1.6614,2.3179,0.1997,0.4227,1.5,0.7006,0.6523,0.6103,0.5319,0.414,0.5965,0.4794,0.3819,0.2266,0.1009
volpick,B,all,local (<150km),15915,False,0.8818,0.646,0.8535,0.5721,0.4999,0.2608,0.8163,1.4329,2.2658,0.0484,0.3487,1.5,0.9389,0.9088,0.8818,0.8153,0.699,0.7318,0.686,0.646,0.5482,0.3931
volpick,B,cross_domain,local (<150km),15915,False,0.8818,0.646,0.8535,0.5721,0.4999,0.2608,0.8163,1.4329,2.2658,0.0484,0.3487,1.5,0.9389,0.9088,0.8818,0.8153,0.699,0.7318,0.686,0.646,0.5482,0.3931
volpick,B,all,regional (150-1500km),14477,False,0.8256,0.3929,0.7331,0.192,0.5518,0.3515,0.8505,1.6598,2.2864,0.0586,0.4327,1.5,0.9066,0.8682,0.8256,0.7226,0.5418,0.6126,0.4911,0.3929,0.2058,0.0633
volpick,B,cross_domain,regional (150-1500km),14477,False,0.8256,0.3929,0.7331,0.192,0.5518,0.3515,0.8505,1.6598,2.2864,0.0586,0.4327,1.5,0.9066,0.8682,0.8256,0.7226,0.5418,0.6126,0.4911,0.3929,0.2058,0.0633
volpick,B,all,teleseismic (>1500km),1444,False,0.277,,0.0294,,,1.844,2.4837,,,0.4501,,1.5,0.3864,0.3234,0.277,0.1946,0.106,,,,,
volpick,B,cross_domain,teleseismic (>1500km),1444,False,0.277,,0.0294,,,1.844,2.4837,,,0.4501,,1.5,0.3864,0.3234,0.277,0.1946,0.106,,,,,
volpick,B,all,all,32144,False,0.8296,0.5792,0.7883,0.4284,0.5154,0.373,0.9684,1.4814,2.2581,0.071,0.368,1.5,0.8998,0.8644,0.8296,0.7459,0.6018,0.7017,0.6351,0.5792,0.4566,0.3035
volpick,B,cross_domain,all,32144,False,0.8296,0.5792,0.7883,0.4284,0.5154,0.373,0.9684,1.4814,2.2581,0.071,0.368,1.5,0.8998,0.8644,0.8296,0.7459,0.6018,0.7017,0.6351,0.5792,0.4566,0.3035
pisdl,B,all,local (<150km),15915,False,0.4851,0.4395,0.2892,0.2521,0.0807,0.7578,1.525,1.4852,2.2267,0.1625,0.3628,1.5,0.699,0.6127,0.4851,0.2665,0.1113,0.6652,0.5569,0.4395,0.1885,0.0676
pisdl,B,cross_domain,local (<150km),15503,False,0.4816,0.4281,0.287,0.244,0.0953,0.7652,1.5339,1.5268,2.2594,0.164,0.3737,1.5,0.6984,0.6107,0.4816,0.2625,0.1078,0.6591,0.5487,0.4281,0.1735,0.0576
pisdl,B,in_domain,local (<150km),412,False,0.6189,0.7667,0.4209,0.5942,-0.34,0.4796,1.1429,0.2853,0.8528,0.1044,0.0471,1.5,0.7233,0.6869,0.6189,0.4175,0.2451,0.8412,0.794,0.7667,0.6203,0.3548
pisdl,B,all,regional (150-1500km),14477,False,0.4161,0.1374,0.244,0.0454,0.1461,0.973,1.7188,1.8798,2.5088,0.2082,0.4785,1.5,0.6531,0.5585,0.4161,0.1541,0.0296,0.3895,0.2464,0.1374,0.034,0.0055
pisdl,B,cross_domain,regional (150-1500km),14127,False,0.4203,0.1367,0.247,0.0441,0.1536,0.9638,1.7117,1.891,2.5186,0.2057,0.4824,1.5,0.656,0.5625,0.4203,0.1566,0.0303,0.3893,0.2457,0.1367,0.0343,0.0056
pisdl,B,in_domain,regional (150-1500km),350,False,0.2486,0.2083,0.1187,0.0855,-0.5833,1.3478,1.9845,0.7921,1.2364,0.3086,0.1042,1.5,0.5343,0.3971,0.2486,0.0543,0.0029,0.4167,0.3125,0.2083,0.0,0.0
pisdl,B,all,teleseismic (>1500km),1444,False,0.0346,,0.0166,,,2.4474,2.948,,,0.6337,,1.5,0.1558,0.0713,0.0346,0.0055,0.0,,,,,
pisdl,B,cross_domain,teleseismic (>1500km),1444,False,0.0346,,0.0166,,,2.4474,2.948,,,0.6337,,1.5,0.1558,0.0713,0.0346,0.0055,0.0,,,,,
pisdl,B,all,all,32144,False,0.4338,0.3565,0.2527,0.1762,0.0972,0.9318,1.7017,1.5848,2.2994,0.2046,0.392,1.5,0.6538,0.5638,0.4338,0.2043,0.0694,0.5897,0.4719,0.3565,0.1466,0.0507
pisdl,B,cross_domain,all,31382,False,0.4335,0.3469,0.2527,0.1694,0.1098,0.9331,1.7044,1.6187,2.3258,0.2047,0.4012,1.5,0.6543,0.5641,0.4335,0.2032,0.0678,0.5841,0.4645,0.3469,0.1355,0.0435
pisdl,B,in_domain,all,762,False,0.4488,0.7073,0.2567,0.5471,-0.3659,0.8784,1.5859,0.3393,0.9014,0.1982,0.0532,1.5,0.6365,0.5538,0.4488,0.2507,0.1339,0.796,0.7428,0.7073,0.5543,0.3171
phasenet_sn,B,all,local (<150km),15915,True,1.0,0.2829,1.0,0.0023,1.0,3.634,3.7951,2.4664,2.9667,0.9607,0.6615,1.5,1.0,1.0,1.0,1.0,1.0,0.3292,0.3018,0.2829,0.242,0.185
phasenet_sn,B,cross_domain,local (<150km),15915,True,1.0,0.2829,1.0,0.0023,1.0,3.634,3.7951,2.4664,2.9667,0.9607,0.6615,1.5,1.0,1.0,1.0,1.0,1.0,0.3292,0.3018,0.2829,0.242,0.185
phasenet_sn,B,all,regional (150-1500km),14477,True,1.0,0.0786,1.0,0.0006,1.0,3.7328,3.8641,1.9035,2.4656,0.9789,0.4949,1.5,1.0,1.0,1.0,1.0,1.0,0.0996,0.0864,0.0786,0.0646,0.0416
phasenet_sn,B,cross_domain,regional (150-1500km),14477,True,1.0,0.0786,1.0,0.0006,1.0,3.7328,3.8641,1.9035,2.4656,0.9789,0.4949,1.5,1.0,1.0,1.0,1.0,1.0,0.0996,0.0864,0.0786,0.0646,0.0416
phasenet_sn,B,all,teleseismic (>1500km),1444,True,1.0,,1.0,,,3.6292,3.8523,,,0.9134,,1.5,1.0,1.0,1.0,1.0,1.0,,,,,
phasenet_sn,B,cross_domain,teleseismic (>1500km),1444,True,1.0,,1.0,,,3.6292,3.8523,,,0.9134,,1.5,1.0,1.0,1.0,1.0,1.0,,,,,
phasenet_sn,B,all,all,32144,True,1.0,0.2254,1.0,0.0013,1.0,3.6797,3.8303,2.3062,2.8338,0.9668,0.6139,1.5,1.0,1.0,1.0,1.0,1.0,0.265,0.2413,0.2254,0.1918,0.1443
phasenet_sn,B,cross_domain,all,32144,True,1.0,0.2254,1.0,0.0013,1.0,3.6797,3.8303,2.3062,2.8338,0.9668,0.6139,1.5,1.0,1.0,1.0,1.0,1.0,0.265,0.2413,0.2254,0.1918,0.1443
jma,B,all,local (<150km),15915,False,0.9311,0.6226,0.8934,0.4874,0.8028,0.2351,0.7716,1.3861,2.2104,0.0414,0.3386,1.5,0.9628,0.9497,0.9311,0.8826,0.7712,0.6869,0.6621,0.6226,0.4879,0.2701
jma,B,cross_domain,local (<150km),15915,False,0.9311,0.6226,0.8934,0.4874,0.8028,0.2351,0.7716,1.3861,2.2104,0.0414,0.3386,1.5,0.9628,0.9497,0.9311,0.8826,0.7712,0.6869,0.6621,0.6226,0.4879,0.2701
jma,B,all,regional (150-1500km),14477,False,0.8659,0.3394,0.7233,0.1101,0.7755,0.3984,0.9737,1.5984,2.2662,0.0687,0.4093,1.5,0.9317,0.9049,0.8659,0.7481,0.5355,0.51,0.4318,0.3394,0.1478,0.0278
jma,B,cross_domain,regional (150-1500km),14477,False,0.8659,0.3394,0.7233,0.1101,0.7755,0.3984,0.9737,1.5984,2.2662,0.0687,0.4093,1.5,0.9317,0.9049,0.8659,0.7481,0.5355,0.51,0.4318,0.3394,0.1478,0.0278
jma,B,all,teleseismic (>1500km),1444,False,0.2403,,0.06,,,1.8405,2.4447,,,0.4661,,1.5,0.4217,0.3137,0.2403,0.1447,0.0575,,,,,
jma,B,cross_domain,teleseismic (>1500km),1444,False,0.2403,,0.06,,,1.8405,2.4447,,,0.4661,,1.5,0.4217,0.3137,0.2403,0.1447,0.0575,,,,,
jma,B,all,all,32144,False,0.8701,0.5451,0.8082,0.3695,0.7943,0.3814,0.9977,1.433,2.2143,0.0728,0.3547,1.5,0.9243,0.9005,0.8701,0.7877,0.6316,0.6396,0.5996,0.5451,0.3942,0.2032
jma,B,cross_domain,all,32144,False,0.8701,0.5451,0.8082,0.3695,0.7943,0.3814,0.9977,1.433,2.2143,0.0728,0.3547,1.5,0.9243,0.9005,0.8701,0.7877,0.6316,0.6396,0.5996,0.5451,0.3942,0.2032
jma_wc,B,all,local (<150km),15915,False,0.9359,0.6207,0.8771,0.4971,0.7869,0.2273,0.7522,1.372,2.1941,0.0393,0.3386,1.5,0.9681,0.9534,0.9359,0.8773,0.7422,0.6783,0.6524,0.6207,0.4974,0.3029
jma_wc,B,cross_domain,local (<150km),15915,False,0.9359,0.6207,0.8771,0.4971,0.7869,0.2273,0.7522,1.372,2.1941,0.0393,0.3386,1.5,0.9681,0.9534,0.9359,0.8773,0.7422,0.6783,0.6524,0.6207,0.4974,0.3029
jma_wc,B,all,regional (150-1500km),14477,False,0.8849,0.3577,0.6989,0.0935,0.7995,0.3947,0.9652,1.5966,2.2711,0.0667,0.407,1.5,0.9479,0.9251,0.8849,0.7377,0.4982,0.4945,0.4329,0.3577,0.1791,0.0448
jma_wc,B,cross_domain,regional (150-1500km),14477,False,0.8849,0.3577,0.6989,0.0935,0.7995,0.3947,0.9652,1.5966,2.2711,0.0667,0.407,1.5,0.9479,0.9251,0.8849,0.7377,0.4982,0.4945,0.4329,0.3577,0.1791,0.0448
jma_wc,B,all,teleseismic (>1500km),1444,False,0.2382,,0.0826,,,1.8033,2.419,,,0.4571,,1.5,0.4654,0.34,0.2382,0.1018,0.0291,,,,,
jma_wc,B,cross_domain,teleseismic (>1500km),1444,False,0.2382,,0.0826,,,1.8033,2.419,,,0.4571,,1.5,0.4654,0.34,0.2382,0.1018,0.0291,,,,,
jma_wc,B,all,all,32144,False,0.8812,0.5491,0.7806,0.3791,0.7897,0.3742,0.9838,1.4227,2.2046,0.0705,0.3543,1.5,0.9363,0.9129,0.8812,0.7787,0.5992,0.6295,0.5933,0.5491,0.4096,0.231
jma_wc,B,cross_domain,all,32144,False,0.8812,0.5491,0.7806,0.3791,0.7897,0.3742,0.9838,1.4227,2.2046,0.0705,0.3543,1.5,0.9363,0.9129,0.8812,0.7787,0.5992,0.6295,0.5933,0.5491,0.4096,0.231
scedc,C,all,local (<150km),15915,False,0.8661,0.4697,0.8101,0.2604,0.7629,0.3538,1.0088,1.4291,2.2434,0.0694,0.354,1.5,0.9292,0.8972,0.8661,0.7793,0.6246,0.644,0.555,0.4697,0.3219,0.163
scedc,C,cross_domain,local (<150km),15915,False,0.8661,0.4697,0.8101,0.2604,0.7629,0.3538,1.0088,1.4291,2.2434,0.0694,0.354,1.5,0.9292,0.8972,0.8661,0.7793,0.6246,0.644,0.555,0.4697,0.3219,0.163
scedc,C,all,regional (150-1500km),14477,False,0.7984,0.1735,0.6904,0.0485,0.7984,0.5042,1.1602,1.5779,2.2408,0.0971,0.4031,1.5,0.886,0.84,0.7984,0.6828,0.4887,0.3953,0.2651,0.1735,0.065,0.0113
scedc,C,cross_domain,regional (150-1500km),14477,False,0.7984,0.1735,0.6904,0.0485,0.7984,0.5042,1.1602,1.5779,2.2408,0.0971,0.4031,1.5,0.886,0.84,0.7984,0.6828,0.4887,0.3953,0.2651,0.1735,0.065,0.0113
scedc,C,all,teleseismic (>1500km),1444,False,0.0935,,0.0061,,,2.2232,2.7893,,,0.5602,,1.5,0.187,0.126,0.0935,0.0478,0.018,,,,,
scedc,C,cross_domain,teleseismic (>1500km),1444,False,0.0935,,0.0061,,,2.2232,2.7893,,,0.5602,,1.5,0.187,0.126,0.0935,0.0478,0.018,,,,,
scedc,C,all,all,32144,False,0.7995,0.3857,0.7309,0.1723,0.7704,0.5081,1.2146,1.4585,2.2304,0.1045,0.364,1.5,0.8755,0.8355,0.7995,0.7013,0.5343,0.5753,0.4735,0.3857,0.2484,0.1197
scedc,C,cross_domain,all,32144,False,0.7995,0.3857,0.7309,0.1723,0.7704,0.5081,1.2146,1.4585,2.2304,0.1045,0.364,1.5,0.8755,0.8355,0.7995,0.7013,0.5343,0.5753,0.4735,0.3857,0.2484,0.1197
ethz,C,all,local (<150km),15915,False,0.8998,0.4002,0.9134,0.1669,0.8244,0.3387,1.0106,1.3724,2.1521,0.0692,0.3465,1.5,0.9276,0.9119,0.8998,0.8673,0.7898,0.5654,0.4721,0.4002,0.2771,0.1561
ethz,C,cross_domain,local (<150km),14561,False,0.8942,0.3792,0.9105,0.1439,0.8187,0.357,1.048,1.4649,2.2323,0.074,0.3722,1.5,0.923,0.9069,0.8942,0.862,0.7828,0.5426,0.4501,0.3792,0.2595,0.1439
ethz,C,in_domain,local (<150km),1354,False,0.9594,0.664,0.9352,0.4989,0.8963,0.1415,0.4434,0.2081,0.4589,0.017,0.0225,1.5,0.9771,0.9653,0.9594,0.9239,0.8648,0.8534,0.7486,0.664,0.4994,0.31
ethz,C,all,regional (150-1500km),14477,False,0.8374,0.0491,0.8332,0.0117,0.853,0.5849,1.3388,1.5953,2.2144,0.1154,0.414,1.5,0.8831,0.8584,0.8374,0.7816,0.666,0.1504,0.0811,0.0491,0.0168,0.0047
ethz,C,cross_domain,regional (150-1500km),14466,False,0.8373,0.0491,0.833,0.0117,0.853,0.5852,1.3392,1.5956,2.2147,0.1154,0.4141,1.5,0.883,0.8584,0.8373,0.7815,0.6658,0.1502,0.0809,0.0491,0.0168,0.0047
ethz,C,in_domain,regional (150-1500km),11,False,0.9091,0.0,0.9384,0.2012,,0.25,0.643,0.05,0.05,0.0909,0.0,1.5,0.9091,0.9091,0.9091,0.9091,0.9091,1.0,1.0,0.0,0.0,0.0
ethz,C,all,teleseismic (>1500km),1444,False,0.0651,,0.0007,,,2.3391,2.8901,,,0.5956,,1.5,0.1323,0.0907,0.0651,0.0443,0.027,,,,,
ethz,C,cross_domain,teleseismic (>1500km),1444,False,0.0651,,0.0007,,,2.3391,2.8901,,,0.5956,,1.5,0.1323,0.0907,0.0651,0.0443,0.027,,,,,
ethz,C,all,all,32144,False,0.8333,0.3025,0.87,0.0592,0.8308,0.5406,1.3035,1.4231,2.1585,0.1137,0.362,1.5,0.8711,0.8502,0.8333,0.7906,0.6982,0.4512,0.3637,0.3025,0.2045,0.1145
ethz,C,cross_domain,all,30779,False,0.8278,0.2826,0.8651,0.0468,0.8272,0.5583,1.3289,1.4902,2.2146,0.118,0.3808,1.5,0.8664,0.8451,0.8278,0.7847,0.6908,0.429,0.3425,0.2826,0.1882,0.1037
ethz,C,in_domain,all,1365,False,0.959,0.6633,0.9352,0.4989,0.8964,0.1424,0.4454,0.2079,0.4586,0.0176,0.0225,1.5,0.9766,0.9648,0.959,0.9238,0.8652,0.8536,0.7489,0.6633,0.4989,0.3097
iquique,C,all,local (<150km),15915,False,0.7804,0.5131,0.8857,0.3239,0.6485,0.4926,1.2115,1.5057,2.2565,0.1026,0.3751,1.5,0.8243,0.7995,0.7804,0.739,0.6765,0.6084,0.5589,0.5131,0.3958,0.2371
iquique,C,cross_domain,local (<150km),15915,False,0.7804,0.5131,0.8857,0.3239,0.6485,0.4926,1.2115,1.5057,2.2565,0.1026,0.3751,1.5,0.8243,0.7995,0.7804,0.739,0.6765,0.6084,0.5589,0.5131,0.3958,0.2371
iquique,C,all,regional (150-1500km),14477,False,0.735,0.4072,0.7774,0.1441,0.6912,0.6555,1.3595,1.6321,2.2566,0.1274,0.4146,1.5,0.783,0.7561,0.735,0.6797,0.5726,0.5274,0.4715,0.4072,0.2647,0.1083
iquique,C,cross_domain,regional (150-1500km),14477,False,0.735,0.4072,0.7774,0.1441,0.6912,0.6555,1.3595,1.6321,2.2566,0.1274,0.4146,1.5,0.783,0.7561,0.735,0.6797,0.5726,0.5274,0.4715,0.4072,0.2647,0.1083
iquique,C,all,teleseismic (>1500km),1444,False,0.0312,,0.0012,,,2.4868,2.9555,,,0.662,,1.5,0.0727,0.0471,0.0312,0.0263,0.0166,,,,,
iquique,C,cross_domain,teleseismic (>1500km),1444,False,0.0312,,0.0012,,,2.4868,2.9555,,,0.662,,1.5,0.0727,0.0471,0.0312,0.0263,0.0166,,,,,
iquique,C,all,all,32144,False,0.7245,0.4836,0.8184,0.2708,0.6551,0.658,1.4045,1.5317,2.2469,0.1394,0.3836,1.5,0.7703,0.7445,0.7245,0.6782,0.5977,0.5869,0.5348,0.4836,0.3586,0.2002
iquique,C,cross_domain,all,32144,False,0.7245,0.4836,0.8184,0.2708,0.6551,0.658,1.4045,1.5317,2.2469,0.1394,0.3836,1.5,0.7703,0.7445,0.7245,0.6782,0.5977,0.5869,0.5348,0.4836,0.3586,0.2002
lendb,C,all,local (<150km),15915,False,0.3119,0.0,0.0028,0.0,0.7326,2.5517,3.0752,2.6994,3.0948,0.6384,0.7279,1.5,0.3945,0.3497,0.3119,0.2491,0.2023,0.0,0.0,0.0,0.0,0.0
lendb,C,cross_domain,local (<150km),15915,False,0.3119,0.0,0.0028,0.0,0.7326,2.5517,3.0752,2.6994,3.0948,0.6384,0.7279,1.5,0.3945,0.3497,0.3119,0.2491,0.2023,0.0,0.0,0.0,0.0,0.0
lendb,C,all,regional (150-1500km),14477,False,0.3709,0.0,0.0434,0.0,0.9382,2.6828,3.1546,2.4183,2.8475,0.682,0.6619,1.5,0.4598,0.4127,0.3709,0.3247,0.2933,0.0,0.0,0.0,0.0,0.0
lendb,C,cross_domain,regional (150-1500km),14477,False,0.3709,0.0,0.0434,0.0,0.9382,2.6828,3.1546,2.4183,2.8475,0.682,0.6619,1.5,0.4598,0.4127,0.3709,0.3247,0.2933,0.0,0.0,0.0,0.0,0.0
lendb,C,all,teleseismic (>1500km),1444,False,0.0014,,0.0,,,3.0352,3.3913,,,0.7895,,1.5,0.0215,0.0062,0.0014,0.0007,0.0,,,,,
lendb,C,cross_domain,teleseismic (>1500km),1444,False,0.0014,,0.0,,,3.0352,3.3913,,,0.7895,,1.5,0.0215,0.0062,0.0014,0.0007,0.0,,,,,
lendb,C,all,all,32144,False,0.322,0.0,0.0042,0.0,0.7833,2.634,3.1274,2.6243,3.0311,0.6649,0.7097,1.5,0.4043,0.36,0.322,0.2697,0.2324,0.0,0.0,0.0,0.0,0.0
lendb,C,cross_domain,all,32144,False,0.322,0.0,0.0042,0.0,0.7833,2.634,3.1274,2.6243,3.0311,0.6649,0.7097,1.5,0.4043,0.36,0.322,0.2697,0.2324,0.0,0.0,0.0,0.0,0.0
original,C,all,local (<150km),15915,True,1.0,0.4263,1.0,0.0599,1.0,3.0339,3.1458,2.5257,3.0541,0.9593,0.6627,1.5,1.0,1.0,1.0,1.0,1.0,0.479,0.4478,0.4263,0.387,0.3365
original,C,cross_domain,local (<150km),11846,True,1.0,0.4245,1.0,0.0648,1.0,3.0334,3.1477,2.5058,3.0568,0.9554,0.6547,1.5,1.0,1.0,1.0,1.0,1.0,0.48,0.4476,0.4245,0.3871,0.3429
original,C,in_domain,local (<150km),4069,True,1.0,0.4301,1.0,0.0465,1.0,3.0355,3.1402,2.5651,3.0488,0.9705,0.6785,1.5,1.0,1.0,1.0,1.0,1.0,0.4769,0.4482,0.4301,0.3868,0.3239
original,C,all,regional (150-1500km),14477,True,1.0,0.3059,1.0,0.0469,1.0,3.1223,3.2612,1.7532,2.412,0.962,0.4471,1.5,1.0,1.0,1.0,1.0,1.0,0.4335,0.3568,0.3059,0.2094,0.1251
original,C,cross_domain,regional (150-1500km),9180,True,1.0,0.3208,1.0,0.092,1.0,3.0359,3.1875,1.4081,2.1246,0.95,0.3413,1.5,1.0,1.0,1.0,1.0,1.0,0.4908,0.3912,0.3208,0.2067,0.1049
original,C,in_domain,regional (150-1500km),5297,True,1.0,0.2917,1.0,0.0132,1.0,3.2721,3.3851,2.0794,2.6552,0.9828,0.5471,1.5,1.0,1.0,1.0,1.0,1.0,0.3793,0.3244,0.2917,0.212,0.1442
original,C,all,teleseismic (>1500km),1444,True,1.0,,1.0,,,3.2987,3.5582,,,0.8892,,1.5,1.0,1.0,1.0,1.0,1.0,,,,,
original,C,cross_domain,teleseismic (>1500km),1444,True,1.0,,1.0,,,3.2987,3.5582,,,0.8892,,1.5,1.0,1.0,1.0,1.0,1.0,,,,,
original,C,all,all,32144,True,1.0,0.3943,1.0,0.0566,1.0,3.086,3.2182,2.3084,2.8877,0.9574,0.6018,1.5,1.0,1.0,1.0,1.0,1.0,0.4682,0.4241,0.3943,0.3383,0.2783
original,C,cross_domain,all,22778,True,1.0,0.4042,1.0,0.0795,1.0,3.0516,3.192,2.2625,2.8755,0.9492,0.585,1.5,1.0,1.0,1.0,1.0,1.0,0.4853,0.4378,0.4042,0.3487,0.2917
original,C,in_domain,all,9366,True,1.0,0.3783,1.0,0.0246,1.0,3.1693,3.2809,2.3832,2.9077,0.9775,0.6293,1.5,1.0,1.0,1.0,1.0,1.0,0.4403,0.4018,0.3783,0.3213,0.2566
geofon,D,all,local (<150km),15915,False,0.6506,0.0708,0.5348,0.0113,0.7881,1.0739,1.9341,1.7281,2.4256,0.2429,0.4221,1.5,0.7504,0.7002,0.6506,0.5288,0.2787,0.2568,0.1403,0.0708,0.004,0.0
geofon,D,cross_domain,local (<150km),15915,False,0.6506,0.0708,0.5348,0.0113,0.7881,1.0739,1.9341,1.7281,2.4256,0.2429,0.4221,1.5,0.7504,0.7002,0.6506,0.5288,0.2787,0.2568,0.1403,0.0708,0.004,0.0
geofon,D,all,regional (150-1500km),14477,False,0.6381,0.0493,0.4556,0.0061,0.7468,1.0419,1.8537,1.6889,2.2771,0.226,0.4305,1.5,0.7645,0.708,0.6381,0.4527,0.2003,0.2184,0.1096,0.0493,0.0013,0.0
geofon,D,cross_domain,regional (150-1500km),14477,False,0.6381,0.0493,0.4556,0.0061,0.7468,1.0419,1.8537,1.6889,2.2771,0.226,0.4305,1.5,0.7645,0.708,0.6381,0.4527,0.2003,0.2184,0.1096,0.0493,0.0013,0.0
geofon,D,all,teleseismic (>1500km),1444,False,0.7749,,0.5521,,,0.9168,1.4388,,,0.1884,,1.5,0.8774,0.8483,0.7749,0.5776,0.2223,,,,,
geofon,D,cross_domain,teleseismic (>1500km),1444,False,0.7749,,0.5521,,,0.9168,1.4388,,,0.1884,,1.5,0.8774,0.8483,0.7749,0.5776,0.2223,,,,,
geofon,D,all,all,32144,False,0.6494,0.0639,0.4948,0.0089,0.7766,1.0529,1.8783,1.7149,2.3813,0.2329,0.424,1.5,0.7616,0.7092,0.6494,0.4952,0.2397,0.2438,0.1303,0.0639,0.0032,0.0
geofon,D,cross_domain,all,32144,False,0.6494,0.0639,0.4948,0.0089,0.7766,1.0529,1.8783,1.7149,2.3813,0.2329,0.424,1.5,0.7616,0.7092,0.6494,0.4952,0.2397,0.2438,0.1303,0.0639,0.0032,0.0
jma_wc_ft,B,all,local (<150km),15869,False,0.6747,0.5368,0.6465,0.3471,0.4947,0.8124,1.6186,1.3072,2.097,0.2012,0.3354,1.5,0.801,0.7307,0.6747,0.5725,0.4728,0.6661,0.6017,0.5368,0.3898,0.2473
jma_wc_ft,B,cross_domain,local (<150km),15869,False,0.6747,0.5368,0.6465,0.3471,0.4947,0.8124,1.6186,1.3072,2.097,0.2012,0.3354,1.5,0.801,0.7307,0.6747,0.5725,0.4728,0.6661,0.6017,0.5368,0.3898,0.2473
jma_wc_ft,B,all,regional (150-1500km),14469,False,0.4765,0.1713,0.2551,0.055,0.7158,1.3003,2.0775,1.4758,2.1156,0.3218,0.3839,1.5,0.6211,0.5357,0.4765,0.3885,0.3149,0.4069,0.2785,0.1713,0.0508,0.0083
jma_wc_ft,B,cross_domain,regional (150-1500km),14469,False,0.4765,0.1713,0.2551,0.055,0.7158,1.3003,2.0775,1.4758,2.1156,0.3218,0.3839,1.5,0.6211,0.5357,0.4765,0.3885,0.3149,0.4069,0.2785,0.1713,0.0508,0.0083
jma_wc_ft,B,all,teleseismic (>1500km),1346,False,0.4235,,0.006,,,3.1526,3.4767,,,0.8202,,1.5,0.4264,0.4242,0.4235,0.4205,0.4205,,,,,
jma_wc_ft,B,cross_domain,teleseismic (>1500km),1346,False,0.4235,,0.006,,,3.1526,3.4767,,,0.8202,,1.5,0.4264,0.4242,0.4235,0.4205,0.4205,,,,,
jma_wc_ft,B,all,all,31992,False,0.5737,0.436,0.4583,0.2167,0.5534,1.1348,1.9486,1.3433,2.0919,0.2825,0.3456,1.5,0.7029,0.6287,0.5737,0.4825,0.399,0.5962,0.5135,0.436,0.296,0.1809
jma_wc_ft,B,cross_domain,all,31992,False,0.5737,0.436,0.4583,0.2167,0.5534,1.1348,1.9486,1.3433,2.0919,0.2825,0.3456,1.5,0.7029,0.6287,0.5737,0.4825,0.399,0.5962,0.5135,0.436,0.296,0.1809
jma_wc_ft_noise,B,all,local (<150km),15869,False,0.4725,0.5016,0.1976,0.3029,0.0702,1.1847,1.9698,1.3597,2.1579,0.2963,0.3445,1.5,0.5382,0.4989,0.4725,0.4251,0.3673,0.6458,0.5665,0.5016,0.3668,0.2185
jma_wc_ft_noise,B,cross_domain,local (<150km),15869,False,0.4725,0.5016,0.1976,0.3029,0.0702,1.1847,1.9698,1.3597,2.1579,0.2963,0.3445,1.5,0.5382,0.4989,0.4725,0.4251,0.3673,0.6458,0.5665,0.5016,0.3668,0.2185
jma_wc_ft_noise,B,all,regional (150-1500km),14469,False,0.4,0.1648,0.0144,0.0441,0.297,1.6486,2.3505,1.4604,2.0903,0.4114,0.3824,1.5,0.4409,0.4183,0.4,0.3593,0.3089,0.3822,0.2623,0.1648,0.0534,0.0066
jma_wc_ft_noise,B,cross_domain,regional (150-1500km),14469,False,0.4,0.1648,0.0144,0.0441,0.297,1.6486,2.3505,1.4604,2.0903,0.4114,0.3824,1.5,0.4409,0.4183,0.4,0.3593,0.3089,0.3822,0.2623,0.1648,0.0534,0.0066
jma_wc_ft_noise,B,all,teleseismic (>1500km),1346,False,0.4175,,0.0003,,,2.8325,3.1796,,,0.7808,,1.5,0.4242,0.4205,0.4175,0.399,0.3529,,,,,
jma_wc_ft_noise,B,cross_domain,teleseismic (>1500km),1346,False,0.4175,,0.0003,,,2.8325,3.1796,,,0.7808,,1.5,0.4242,0.4205,0.4175,0.399,0.3529,,,,,
jma_wc_ft_noise,B,all,all,31992,False,0.4366,0.4087,0.0741,0.1801,0.1311,1.466,2.2123,1.3766,2.1282,0.3692,0.3517,1.5,0.4888,0.4585,0.4366,0.3937,0.3397,0.5741,0.4833,0.4087,0.2792,0.1593
jma_wc_ft_noise,B,cross_domain,all,31992,False,0.4366,0.4087,0.0741,0.1801,0.1311,1.466,2.2123,1.3766,2.1282,0.3692,0.3517,1.5,0.4888,0.4585,0.4366,0.3937,0.3397,0.5741,0.4833,0.4087,0.2792,0.1593
jma_wc_ft_frozen,B,all,local (<150km),15869,False,0.4621,0.5249,0.1491,0.3331,-0.0048,1.2801,2.0237,1.391,2.19,0.3225,0.353,1.5,0.5157,0.4859,0.4621,0.4206,0.3665,0.6762,0.5967,0.5249,0.3763,0.2221
jma_wc_ft_frozen,B,cross_domain,local (<150km),15869,False,0.4621,0.5249,0.1491,0.3331,-0.0048,1.2801,2.0237,1.391,2.19,0.3225,0.353,1.5,0.5157,0.4859,0.4621,0.4206,0.3665,0.6762,0.5967,0.5249,0.3763,0.2221
jma_wc_ft_frozen,B,all,regional (150-1500km),14469,False,0.414,0.1847,0.0083,0.0502,0.2411,1.7078,2.3675,1.527,2.1531,0.4243,0.3971,1.5,0.4445,0.4279,0.414,0.3778,0.329,0.4077,0.2819,0.1847,0.0557,0.0068
jma_wc_ft_frozen,B,cross_domain,regional (150-1500km),14469,False,0.414,0.1847,0.0083,0.0502,0.2411,1.7078,2.3675,1.527,2.1531,0.4243,0.3971,1.5,0.4445,0.4279,0.414,0.3778,0.329,0.4077,0.2819,0.1847,0.0557,0.0068
jma_wc_ft_frozen,B,all,teleseismic (>1500km),1346,False,0.4094,,0.0009,,,2.917,3.2652,,,0.7801,,1.5,0.4198,0.416,0.4094,0.3878,0.321,,,,,
jma_wc_ft_frozen,B,cross_domain,teleseismic (>1500km),1346,False,0.4094,,0.0009,,,2.917,3.2652,,,0.7801,,1.5,0.4198,0.416,0.4094,0.3878,0.321,,,,,
jma_wc_ft_frozen,B,all,all,31992,False,0.4375,0.4306,0.0508,0.2123,0.0639,1.5447,2.25,1.4179,2.1695,0.3885,0.3619,1.5,0.4789,0.4561,0.4375,0.3994,0.3473,0.6025,0.5097,0.4306,0.2869,0.1616
jma_wc_ft_frozen,B,cross_domain,all,31992,False,0.4375,0.4306,0.0508,0.2123,0.0639,1.5447,2.25,1.4179,2.1695,0.3885,0.3619,1.5,0.4789,0.4561,0.4375,0.3994,0.3473,0.6025,0.5097,0.4306,0.2869,0.1616
jma_wc_ft_global,?,all,local (<150km),15869,False,0.9138,0.6018,0.8848,0.4961,0.631,0.2445,0.7843,1.3596,2.1658,0.0457,0.3406,1.5,0.9553,0.9357,0.9138,0.8492,0.7346,0.6676,0.6362,0.6018,0.4976,0.3336
jma_wc_ft_global,?,cross_domain,local (<150km),15869,False,0.9138,0.6018,0.8848,0.4961,0.631,0.2445,0.7843,1.3596,2.1658,0.0457,0.3406,1.5,0.9553,0.9357,0.9138,0.8492,0.7346,0.6676,0.6362,0.6018,0.4976,0.3336
jma_wc_ft_global,?,all,regional (150-1500km),14469,False,0.8738,0.3491,0.7325,0.1437,0.8034,0.3702,0.8971,1.6272,2.2895,0.0632,0.4222,1.5,0.9443,0.9149,0.8738,0.7412,0.5407,0.558,0.439,0.3491,0.1815,0.0559
jma_wc_ft_global,?,cross_domain,regional (150-1500km),14469,False,0.8738,0.3491,0.7325,0.1437,0.8034,0.3702,0.8971,1.6272,2.2895,0.0632,0.4222,1.5,0.9443,0.9149,0.8738,0.7412,0.5407,0.558,0.439,0.3491,0.1815,0.0559
jma_wc_ft_global,?,all,teleseismic (>1500km),1346,False,0.1352,,0.0135,,,1.9463,2.5008,,,0.5059,,1.5,0.2994,0.208,0.1352,0.0535,0.0178,,,,,
jma_wc_ft_global,?,cross_domain,teleseismic (>1500km),1346,False,0.1352,,0.0135,,,1.9463,2.5008,,,0.5059,,1.5,0.2994,0.208,0.1352,0.0535,0.0178,,,,,
jma_wc_ft_global,?,all,all,31992,False,0.8625,0.5329,0.8053,0.361,0.6808,0.374,0.9692,1.4235,2.1906,0.0731,0.3603,1.5,0.9225,0.8954,0.8625,0.766,0.6158,0.6392,0.583,0.5329,0.4103,0.2562
jma_wc_ft_global,?,cross_domain,all,31992,False,0.8625,0.5329,0.8053,0.361,0.6808,0.374,0.9692,1.4235,2.1906,0.0731,0.3603,1.5,0.9225,0.8954,0.8625,0.766,0.6158,0.6392,0.583,0.5329,0.4103,0.2562
jma_wc_ft_global_v2,?,all,local (<150km),15869,False,0.538,0.5385,0.4485,0.3569,0.209,0.9433,1.7591,1.3622,2.1788,0.2301,0.3414,1.5,0.5963,0.5633,0.538,0.4864,0.4192,0.6597,0.5991,0.5385,0.3963,0.245
jma_wc_ft_global_v2,?,cross_domain,local (<150km),15869,False,0.538,0.5385,0.4485,0.3569,0.209,0.9433,1.7591,1.3622,2.1788,0.2301,0.3414,1.5,0.5963,0.5633,0.538,0.4864,0.4192,0.6597,0.5991,0.5385,0.3963,0.245
jma_wc_ft_global_v2,?,all,regional (150-1500km),14469,False,0.4154,0.2234,0.0205,0.0501,0.2838,1.4351,2.1879,1.4429,2.0904,0.3509,0.3722,1.5,0.4553,0.4342,0.4154,0.3774,0.3315,0.4126,0.2995,0.2234,0.0984,0.041
jma_wc_ft_global_v2,?,cross_domain,regional (150-1500km),14469,False,0.4154,0.2234,0.0205,0.0501,0.2838,1.4351,2.1879,1.4429,2.0904,0.3509,0.3722,1.5,0.4553,0.4342,0.4154,0.3774,0.3315,0.4126,0.2995,0.2234,0.0984,0.041
jma_wc_ft_global_v2,?,all,teleseismic (>1500km),1346,False,0.4235,,0.0003,,,2.8519,3.2291,,,0.7548,,1.5,0.4242,0.4235,0.4235,0.4227,0.4183,,,,,
jma_wc_ft_global_v2,?,cross_domain,teleseismic (>1500km),1346,False,0.4235,,0.0003,,,2.8519,3.2291,,,0.7548,,1.5,0.4242,0.4235,0.4235,0.4227,0.4183,,,,,
jma_wc_ft_global_v2,?,all,all,31992,False,0.4774,0.4517,0.1949,0.2248,0.2279,1.2476,2.0427,1.3726,2.1425,0.3072,0.3465,1.5,0.525,0.4987,0.4774,0.4341,0.3791,0.5928,0.5171,0.4517,0.3138,0.1878
jma_wc_ft_global_v2,?,cross_domain,all,31992,False,0.4774,0.4517,0.1949,0.2248,0.2279,1.2476,2.0427,1.3726,2.1425,0.3072,0.3465,1.5,0.525,0.4987,0.4774,0.4341,0.3791,0.5928,0.5171,0.4517,0.3138,0.1878
jma_wc_ft_global_v3,B,all,local (<150km),15869,False,0.9288,0.5948,0.8217,0.4437,0.718,0.2185,0.7337,1.3514,2.1791,0.039,0.3343,1.5,0.9715,0.9537,0.9288,0.8427,0.6771,0.6744,0.6415,0.5948,0.4602,0.2835
jma_wc_ft_global_v3,B,cross_domain,local (<150km),15869,False,0.9288,0.5948,0.8217,0.4437,0.718,0.2185,0.7337,1.3514,2.1791,0.039,0.3343,1.5,0.9715,0.9537,0.9288,0.8427,0.6771,0.6744,0.6415,0.5948,0.4602,0.2835
jma_wc_ft_global_v3,B,all,regional (150-1500km),14469,False,0.8566,0.2908,0.6229,0.0708,0.824,0.3904,0.9686,1.5767,2.2532,0.0663,0.4031,1.5,0.9523,0.9159,0.8566,0.6645,0.387,0.4705,0.3892,0.2908,0.1256,0.0298
jma_wc_ft_global_v3,B,cross_domain,regional (150-1500km),14469,False,0.8566,0.2908,0.6229,0.0708,0.824,0.3904,0.9686,1.5767,2.2532,0.0663,0.4031,1.5,0.9523,0.9159,0.8566,0.6645,0.387,0.4705,0.3892,0.2908,0.1256,0.0298
jma_wc_ft_global_v3,B,all,teleseismic (>1500km),1346,False,0.3559,,0.1837,,,1.8962,2.4616,,,0.5037,,1.5,0.6389,0.4733,0.3559,0.1412,0.0238,,,,,
jma_wc_ft_global_v3,B,cross_domain,teleseismic (>1500km),1346,False,0.3559,,0.1837,,,1.8962,2.4616,,,0.5037,,1.5,0.6389,0.4733,0.3559,0.1412,0.0238,,,,,
jma_wc_ft_global_v3,B,all,all,31992,False,0.8715,0.5114,0.7132,0.3157,0.7471,0.3678,0.9755,1.4021,2.1882,0.0711,0.35,1.5,0.9487,0.9161,0.8715,0.7316,0.5172,0.6198,0.5733,0.5114,0.3677,0.2132
jma_wc_ft_global_v3,B,cross_domain,all,31992,False,0.8715,0.5114,0.7132,0.3157,0.7471,0.3678,0.9755,1.4021,2.1882,0.0711,0.35,1.5,0.9487,0.9161,0.8715,0.7316,0.5172,0.6198,0.5733,0.5114,0.3677,0.2132
jma_wc_ft_global_v4,B,all,local (<150km),15869,False,0.4795,0.6112,0.2326,0.6433,0.0353,0.3316,0.9581,1.3629,2.1797,0.061,0.344,1.5,0.5717,0.5148,0.4795,0.4168,0.3423,0.6618,0.6332,0.6112,0.5639,0.459
jma_wc_ft_global_v4,B,cross_domain,local (<150km),15869,False,0.4795,0.6112,0.2326,0.6433,0.0353,0.3316,0.9581,1.3629,2.1797,0.061,0.344,1.5,0.5717,0.5148,0.4795,0.4168,0.3423,0.6618,0.6332,0.6112,0.5639,0.459
jma_wc_ft_global_v4,B,all,regional (150-1500km),14469,False,0.1207,0.3633,0.0096,0.065,-0.3127,0.656,1.4,1.5285,2.1901,0.1286,0.3937,1.5,0.2115,0.1517,0.1207,0.0807,0.0447,0.4734,0.4126,0.3633,0.2927,0.1607
jma_wc_ft_global_v4,B,cross_domain,regional (150-1500km),14469,False,0.1207,0.3633,0.0096,0.065,-0.3127,0.656,1.4,1.5285,2.1901,0.1286,0.3937,1.5,0.2115,0.1517,0.1207,0.0807,0.0447,0.4734,0.4126,0.3633,0.2927,0.1607
jma_wc_ft_global_v4,B,all,teleseismic (>1500km),1346,False,0.003,,0.0023,,,2.5236,3.0331,,,0.6419,,1.5,0.0074,0.0045,0.003,0.0007,0.0,,,,,
jma_wc_ft_global_v4,B,cross_domain,teleseismic (>1500km),1346,False,0.003,,0.0023,,,2.5236,3.0331,,,0.6419,,1.5,0.0074,0.0045,0.003,0.0007,0.0,,,,,
jma_wc_ft_global_v4,B,all,all,31992,False,0.2961,0.544,0.0278,0.4682,-0.064,0.5728,1.3209,1.3976,2.1719,0.1165,0.3542,1.5,0.3836,0.3278,0.2961,0.2464,0.1927,0.6118,0.5739,0.544,0.4897,0.3763
jma_wc_ft_global_v4,B,cross_domain,all,31992,False,0.2961,0.544,0.0278,0.4682,-0.064,0.5728,1.3209,1.3976,2.1719,0.1165,0.3542,1.5,0.3836,0.3278,0.2961,0.2464,0.1927,0.6118,0.5739,0.544,0.4897,0.3763
jma_wc_ft_global_v5,B,all,local (<150km),15869,False,0.4605,0.5674,0.0937,0.4695,0.2154,0.691,1.463,1.3589,2.1634,0.1624,0.3409,1.5,0.4985,0.4756,0.4605,0.4313,0.3879,0.6152,0.5914,0.5674,0.483,0.3224
jma_wc_ft_global_v5,B,cross_domain,local (<150km),15869,False,0.4605,0.5674,0.0937,0.4695,0.2154,0.691,1.463,1.3589,2.1634,0.1624,0.3409,1.5,0.4985,0.4756,0.4605,0.4313,0.3879,0.6152,0.5914,0.5674,0.483,0.3224
jma_wc_ft_global_v5,B,all,regional (150-1500km),14469,False,0.351,0.3299,0.0047,0.0211,0.1477,1.0668,1.8391,1.5961,2.2593,0.2501,0.4086,1.5,0.3783,0.3631,0.351,0.3302,0.295,0.416,0.372,0.3299,0.2226,0.0918
jma_wc_ft_global_v5,B,cross_domain,regional (150-1500km),14469,False,0.351,0.3299,0.0047,0.0211,0.1477,1.0668,1.8391,1.5961,2.2593,0.2501,0.4086,1.5,0.3783,0.3631,0.351,0.3302,0.295,0.416,0.372,0.3299,0.2226,0.0918
jma_wc_ft_global_v5,B,all,teleseismic (>1500km),1346,False,0.4473,,0.004,,,2.1071,2.5939,,,0.578,,1.5,0.4539,0.4532,0.4473,0.4346,0.4168,,,,,
jma_wc_ft_global_v5,B,cross_domain,teleseismic (>1500km),1346,False,0.4473,,0.004,,,2.1071,2.5939,,,0.578,,1.5,0.4539,0.4532,0.4473,0.4346,0.4168,,,,,
jma_wc_ft_global_v5,B,all,all,31992,False,0.4107,0.5035,0.0132,0.3117,0.1955,0.9212,1.7011,1.4131,2.1793,0.2196,0.3562,1.5,0.4425,0.4241,0.4107,0.3858,0.3472,0.5622,0.5325,0.5035,0.4122,0.2586
jma_wc_ft_global_v5,B,cross_domain,all,31992,False,0.4107,0.5035,0.0132,0.3117,0.1955,0.9212,1.7011,1.4131,2.1793,0.2196,0.3562,1.5,0.4425,0.4241,0.4107,0.3858,0.3472,0.5622,0.5325,0.5035,0.4122,0.2586
jma_wc_ft_global_v6,B,all,local (<150km),15869,False,0.6716,0.5989,0.5889,0.4958,0.4032,0.2887,0.8954,1.3264,2.14,0.0548,0.3327,1.5,0.8239,0.7373,0.6716,0.5554,0.4147,0.6724,0.6386,0.5989,0.4977,0.3274
jma_wc_ft_global_v6,B,cross_domain,local (<150km),15869,False,0.6716,0.5989,0.5889,0.4958,0.4032,0.2887,0.8954,1.3264,2.14,0.0548,0.3327,1.5,0.8239,0.7373,0.6716,0.5554,0.4147,0.6724,0.6386,0.5989,0.4977,0.3274
jma_wc_ft_global_v6,B,all,regional (150-1500km),14469,False,0.368,0.3004,0.1654,0.0628,0.5034,0.5592,1.2823,1.5322,2.2056,0.1084,0.3914,1.5,0.6036,0.4612,0.368,0.2354,0.1131,0.4681,0.3807,0.3004,0.1643,0.0438
jma_wc_ft_global_v6,B,cross_domain,regional (150-1500km),14469,False,0.368,0.3004,0.1654,0.0628,0.5034,0.5592,1.2823,1.5322,2.2056,0.1084,0.3914,1.5,0.6036,0.4612,0.368,0.2354,0.1131,0.4681,0.3807,0.3004,0.1643,0.0438
jma_wc_ft_global_v6,B,all,teleseismic (>1500km),1346,False,0.3908,,0.0248,,,2.0374,2.5674,,,0.5505,,1.5,0.4287,0.4071,0.3908,0.3596,0.3068,,,,,
jma_wc_ft_global_v6,B,cross_domain,teleseismic (>1500km),1346,False,0.3908,,0.0248,,,2.0374,2.5674,,,0.5505,,1.5,0.4287,0.4071,0.3908,0.3596,0.3068,,,,,
jma_wc_ft_global_v6,B,all,all,31992,False,0.5217,0.5175,0.3334,0.3307,0.4299,0.4862,1.1957,1.3713,2.1464,0.1002,0.3456,1.5,0.7072,0.598,0.5217,0.4017,0.2734,0.618,0.5693,0.5175,0.406,0.2487
jma_wc_ft_global_v6,B,cross_domain,all,31992,False,0.5217,0.5175,0.3334,0.3307,0.4299,0.4862,1.1957,1.3713,2.1464,0.1002,0.3456,1.5,0.7072,0.598,0.5217,0.4017,0.2734,0.618,0.5693,0.5175,0.406,0.2487
jma_wc_ft_global_v7,B,all,local (<150km),15869,False,0.9246,0.5884,0.8625,0.4612,0.7424,0.2075,0.7087,1.3544,2.1794,0.0361,0.3367,1.5,0.964,0.9455,0.9246,0.848,0.7157,0.6695,0.6346,0.5884,0.4747,0.2954
jma_wc_ft_global_v7,B,cross_domain,local (<150km),15869,False,0.9246,0.5884,0.8625,0.4612,0.7424,0.2075,0.7087,1.3544,2.1794,0.0361,0.3367,1.5,0.964,0.9455,0.9246,0.848,0.7157,0.6695,0.6346,0.5884,0.4747,0.2954
jma_wc_ft_global_v7,B,all,regional (150-1500km),14469,False,0.8424,0.2847,0.6404,0.0621,0.8051,0.3587,0.9022,1.568,2.2437,0.059,0.4009,1.5,0.94,0.8972,0.8424,0.666,0.4242,0.4596,0.3661,0.2847,0.1443,0.0368
jma_wc_ft_global_v7,B,cross_domain,regional (150-1500km),14469,False,0.8424,0.2847,0.6404,0.0621,0.8051,0.3587,0.9022,1.568,2.2437,0.059,0.4009,1.5,0.94,0.8972,0.8424,0.666,0.4242,0.4596,0.3661,0.2847,0.1443,0.0368
jma_wc_ft_global_v7,B,all,teleseismic (>1500km),1346,False,0.1218,,0.045,,,1.7243,2.3253,,,0.4354,,1.5,0.3418,0.1984,0.1218,0.0438,0.0089,,,,,
jma_wc_ft_global_v7,B,cross_domain,teleseismic (>1500km),1346,False,0.1218,,0.045,,,1.7243,2.3253,,,0.4354,,1.5,0.3418,0.1984,0.1218,0.0438,0.0089,,,,,
jma_wc_ft_global_v7,B,all,all,31992,False,0.853,0.5054,0.747,0.3089,0.7595,0.3404,0.9214,1.4022,2.1863,0.0633,0.3512,1.5,0.9268,0.8917,0.853,0.7308,0.5528,0.6132,0.5623,0.5054,0.3836,0.2235
jma_wc_ft_global_v7,B,cross_domain,all,31992,False,0.853,0.5054,0.747,0.3089,0.7595,0.3404,0.9214,1.4022,2.1863,0.0633,0.3512,1.5,0.9268,0.8917,0.853,0.7308,0.5528,0.6132,0.5623,0.5054,0.3836,0.2235
