dataset,trace_name,phase,reason,label_sample_source,label_s_window,consensus_residual_s,consensus_position_s,consensus_source_position_s,n_detect,n_independent,consensus_mad_s,consensus_saturated,snr_db,s1_flag_p,s1_flag_s,s2_flag_p,s2_flag_s,c1_flag,p_in_s_window,multi_arrival,aguilar_flagged,score
aq2009gm,"bucket4$992,:3,:8751",P,s1_consensus_offset,3125.0,8.97,4.99,13.96,36.24,12,16,0.0,True,-5.16457462310791,True,False,False,False,False,False,True,True,74.85
aq2009gm,"bucket6$282,:3,:8751",P,s1_consensus_offset,3126.0,9.5,4.99,14.49,36.25,9,16,0.0,True,-1.2324752807617188,True,False,False,False,False,False,True,False,56.137499999999996
aq2009gm,"bucket18$769,:3,:8407",P,s1_consensus_offset,2781.0,14.63,4.78,19.41,32.589999999999996,15,16,0.02999999999999936,False,12.486611366271973,True,False,False,False,True,True,True,False,56.01562500000045
aq2009gm,"bucket0$1019,:3,:8751",S,s1_consensus_offset,3342.0,12.53,4.56,17.09,37.980000000000004,13,16,0.020000000000000462,False,4.729801654815674,False,True,False,False,False,True,True,True,52.92857142857107
aq2009gm,"bucket4$397,:3,:8751",P,s1_consensus_offset,3125.0,15.3,3.76,19.060000000000002,35.01,13,16,0.010000000000000231,False,2.200620412826538,True,False,False,False,False,False,True,True,50.916666666666465
aq2009gm,"bucket12$372,:3,:8751",S,s1_consensus_offset,3864.0,24.39,-4.96,19.43,33.68,10,16,0.020000000000000018,False,12.3765869140625,False,True,False,False,True,True,True,True,44.28571428571427
aq2009gm,"bucket4$989,:3,:8751",P,s1_consensus_offset,3126.0,16.56,3.82,20.38,35.08,15,16,0.040000000000000036,False,3.059307336807251,True,False,False,False,False,False,True,True,39.79166666666664
aq2009gm,"bucket17$568,:3,:8751",S,s1_consensus_offset,3349.0,13.86,4.975,18.835,38.465,8,16,0.015000000000000568,False,3.16825532913208,False,True,False,False,False,True,True,True,38.26923076923043
aq2009gm,"bucket9$56,:3,:8751",S,s1_consensus_offset,3407.0,6.92,3.85,10.77,37.92,13,16,0.040000000000000036,False,6.584099769592285,False,True,False,False,False,True,True,True,34.75694444444443
aq2009gm,"bucket9$524,:3,:8751",S,s1_consensus_offset,3238.0,18.68,3.46,22.14,35.84,11,16,0.020000000000000018,False,1.8067518472671509,False,True,False,False,True,True,True,True,33.98214285714285
aq2009gm,"bucket5$660,:3,:8751",S,s1_consensus_offset,3291.0,19.22,3.375,22.595,36.285,14,16,0.040000000000000036,False,21.11774063110352,False,True,False,False,False,True,True,True,32.812499999999986
aq2009gm,"bucket5$31,:3,:8751",S,s1_consensus_offset,3300.0,21.51,3.545,25.055,36.545,14,16,0.04499999999999993,False,21.532663345336918,False,True,False,False,False,True,True,True,32.651315789473706
aq2009gm,"bucket21$639,:3,:8751",S,s1_consensus_offset,3834.0,10.38,4.37,14.75,42.71,10,16,0.03500000000000014,False,6.930717945098877,False,True,False,False,True,True,True,True,32.13235294117642
aq2009gm,"bucket31$449,:3,:8751",P,s1_consensus_offset,3125.0,20.15,-2.49,17.659999999999997,28.759999999999998,14,16,0.019999999999999574,False,7.032310485839844,True,False,False,False,False,False,True,True,31.125000000000192
aq2009gm,"bucket9$799,:3,:8751",S,s1_consensus_offset,3273.0,18.55,3.38,21.93,36.11,13,16,0.040000000000000036,False,0.7472383975982666,False,True,False,False,False,True,True,True,30.51388888888887
aq2009gm,"bucket25$165,:3,:8751",S,s1_consensus_offset,3590.0,22.83,3.26,26.089999999999996,39.16,11,16,0.03000000000000025,False,23.74400520324707,False,True,False,False,False,True,True,False,28.01562499999991
aq2009gm,"bucket9$106,:3,:8751",S,s1_consensus_offset,3351.0,17.18,3.1,20.28,36.61,13,16,0.040000000000000036,False,6.7488861083984375,False,True,False,False,False,True,True,True,27.9861111111111
aq2009gm,"bucket6$26,:3,:8751",S,s1_consensus_offset,3653.0,9.5,-2.97,6.529999999999999,33.56,9,16,0.010000000000000231,False,34.29598617553711,False,True,False,False,False,True,True,True,27.843749999999893
aq2009gm,"bucket4$647,:3,:8751",S,s1_consensus_offset,3344.0,24.57,4.42,28.990000000000002,37.86,11,16,0.0600000000000005,False,11.875125885009766,False,True,False,False,False,True,True,True,27.624999999999872
aq2009gm,"bucket15$1012,:3,:8751",S,s1_consensus_offset,3749.0,28.47,-3.725,24.744999999999997,33.765,10,16,0.03500000000000014,False,36.26898193359375,False,True,False,False,False,True,True,True,27.389705882352896
aq2009gm,"bucket20$100,:3,:8751",S,s1_consensus_offset,3810.0,24.43,-4.645,19.785,33.455,8,16,0.03500000000000014,False,19.27511405944824,False,True,False,False,False,True,True,False,27.323529411764657
aq2009gm,"bucket9$103,:3,:8751",S,s1_consensus_offset,3325.0,22.35,2.81,25.16,36.06,14,16,0.040000000000000036,False,15.560882568359377,False,True,False,False,False,True,True,True,27.319444444444436
aq2009gm,"bucket0$204,:3,:8751",P,s1_consensus_offset,3126.0,14.67,-2.275,12.395,28.985000000000003,14,16,0.02499999999999991,False,5.486504077911377,True,False,False,False,False,False,True,True,26.541666666666696
aq2009gm,"bucket17$528,:3,:8751",S,s1_consensus_offset,3568.0,21.92,-2.79,19.130000000000003,32.89,12,16,0.03000000000000025,False,28.26604652404785,False,True,False,False,False,True,True,True,26.156249999999922
aq2009gm,"bucket3$97,:3,:8751",S,s1_consensus_offset,3356.0,14.98,3.75,18.73,37.31,10,16,0.039999999999999813,False,9.530014991760254,False,True,False,False,False,True,True,True,26.041666666666718
aq2009gm,"bucket17$344,:3,:8751",S,s1_consensus_offset,3988.0,13.75,-4.16,9.59,35.72,11,16,0.05999999999999961,False,28.655378341674805,False,True,False,False,False,True,True,True,26.000000000000092
aq2009gm,"bucket5$483,:3,:8751",S,s1_consensus_offset,3334.0,15.78,2.84,18.619999999999997,36.18000000000001,13,16,0.040000000000000036,False,18.00670623779297,False,True,False,False,False,True,True,True,25.638888888888875
aq2009gm,"bucket25$166,:3,:8751",S,s1_consensus_offset,3658.0,25.87,-3.17,22.700000000000003,33.41,9,16,0.020000000000000018,False,47.13747787475586,False,True,False,False,False,True,True,False,25.473214285714278
aq2009gm,"bucket7$825,:3,:8751",S,s1_consensus_offset,3356.0,13.91,4.869999999999999,18.78,38.43,10,16,0.07000000000000117,False,12.933094024658203,False,True,False,False,False,True,True,True,25.36458333333308
aq2009gm,"bucket14$487,:3,:8751",S,s1_consensus_offset,3623.0,18.05,-2.78,15.270000000000001,33.449999999999996,13,16,0.03999999999999959,False,14.867671966552734,False,True,False,False,False,True,True,True,25.09722222222233
ceed,ci37307584/CI.PLM..HH,P,s1_consensus_offset,3392.0,23.17,4.99,28.160000000000004,38.910000000000004,10,16,0.0,True,2.140512466430664,True,False,False,False,False,True,False,False,62.375
ceed,ci40298104/PB.B081..EH,P,s1_consensus_offset,3566.0,10.26,4.98,15.24,40.64,12,16,0.010000000000000231,False,0.3029870390892029,True,False,False,False,False,True,False,False,62.249999999999766
ceed,ci11390642/BC.SJX..HH,P,s1_consensus_offset,5594.0,26.93,-4.995,21.935,50.945,10,16,0.004999999999999893,True,-3.0260603427886963,True,False,False,False,True,False,False,False,56.76136363636375
ceed,ci39272448/BC.YUCAX..HH,P,s1_consensus_offset,3135.0,12.76,4.2,16.96,35.550000000000004,12,16,0.029999999999999805,False,-0.8245397806167603,True,False,False,False,False,True,False,False,39.3750000000001
ceed,ci37108495/CI.BLY..HH,P,s1_consensus_offset,3995.0,26.71,-2.475,24.235,37.475,12,16,0.020000000000000018,False,12.860503196716309,True,False,False,False,True,False,False,False,26.517857142857135
ceed,ci37695959/CI.PMD..HH,P,s1_consensus_offset,3320.0,7.57,3.06,10.63,36.260000000000005,13,16,0.04999999999999982,False,1.6799955368041992,True,True,False,False,False,True,False,False,24.862500000000043
ceed,ci14355380/CI.USC..HH,P,s1_consensus_offset,4548.0,5.04,2.13,7.17,47.61,11,16,0.010000000000000231,False,0.8946424126625061,True,False,False,False,True,True,False,False,24.4062499999999
ceed,ci37695959/CI.PMD..HH,S,s1_consensus_offset,3782.0,12.19,2.88,15.07,40.7,12,16,0.04000000000000026,False,1.6799955368041992,True,True,False,False,False,True,False,False,23.99999999999993
ceed,nc72107801/NC.CNI..EH,S,s1_consensus_offset,3509.0,21.16,-3.35,17.81,31.740000000000002,9,16,0.03000000000000025,False,11.577804565429688,False,True,False,False,False,True,False,False,23.55468749999993
ceed,ci14608956/CI.SWS..HH,S,s1_consensus_offset,3922.0,29.59,-4.4350000000000005,25.155,34.785,8,16,0.06499999999999995,False,7.0051116943359375,False,True,False,False,False,True,False,False,19.282608695652186
ceed,ci10592205/CI.BAR..HH,P,s1_consensus_offset,5156.0,15.88,-2.61,13.270000000000001,48.95,13,16,0.06000000000000005,False,3.6052439212799072,True,False,False,False,False,False,False,False,19.27840909090908
ceed,ci37160164/PB.B084..EH,P,s1_consensus_offset,3472.0,26.97,-1.88,25.09,32.839999999999996,13,16,0.029999999999999805,False,6.684329032897949,True,False,False,False,False,True,False,False,19.093750000000046
ceed,ci37160164/CI.HMT2..HH,S,s1_consensus_offset,3605.0,26.98,-1.93,25.05,34.12,11,16,0.020000000000000018,False,7.279539585113525,True,True,False,False,False,True,False,False,18.955357142857135
ceed,ci14980908/CI.PLM..HH,P,s1_consensus_offset,5519.0,22.46,-3.32,19.14,51.87,9,16,0.050000000000000266,False,-1.881965160369873,True,False,False,False,False,False,False,False,18.67499999999995
ceed,ci10758933/BC.CPX..BH,S,s1_consensus_offset,3435.0,26.68,-4.35,22.33,30.0,6,16,0.04000000000000048,False,19.552959442138672,False,True,False,False,False,True,False,False,18.1249999999999
ceed,ci37160164/CI.HMT2..HH,P,s1_consensus_offset,3223.0,23.16,-1.8050000000000002,21.355,30.424999999999997,14,16,0.040000000000000036,False,7.279539585113525,True,True,False,False,False,True,False,False,17.548611111111107
ceed,ci37245407/CI.MOP..HH,S,s1_consensus_offset,3441.0,28.24,-3.34,24.9,31.069999999999997,9,16,0.06000000000000005,False,7.48513126373291,False,True,False,False,False,True,False,False,17.079545454545446
ceed,ci37160164/CI.DNR..HH,P,s1_consensus_offset,3422.0,26.2,-1.9049999999999998,24.294999999999998,32.315,14,16,0.04999999999999993,False,4.516318321228027,True,False,False,False,False,True,False,False,16.66875000000001
ceed,ci10355849/CI.IRM..HH,P,s1_consensus_offset,5052.0,7.9,2.395,10.295,52.915000000000006,12,16,0.06000000000000005,False,5.762073993682861,True,False,False,False,True,False,False,False,16.329545454545446
ceed,ci10365805/CI.SDR..HH,P,s1_consensus_offset,4589.0,16.87,1.93,18.8,47.82,14,16,0.05499999999999994,False,4.525358200073242,True,False,False,False,False,False,False,False,16.083333333333343
ceed,ci38233930/CI.ERR..HH,S,s1_consensus_offset,3509.0,9.8,-3.9,5.9,31.190000000000005,13,16,0.1499999999999999,False,18.33077049255371,False,True,False,False,False,True,False,False,15.843750000000009
ceed,nc71129579/NP.1586.10.HN,S,s1_consensus_offset,3536.0,24.46,-2.83,21.630000000000003,32.53,7,16,0.03000000000000025,False,14.89157772064209,False,True,False,False,False,True,False,True,15.47656249999995
ceed,ci14690820/CI.WWC..HH,P,s1_consensus_offset,5544.0,15.72,-3.035,12.685,52.405,12,16,0.10000000000000009,False,9.501263618469238,True,False,False,False,False,False,False,False,15.174999999999994
ceed,ci38343239/CI.BAR..HH,P,s1_consensus_offset,4861.0,17.36,1.49,18.849999999999998,50.1,13,16,0.030000000000000027,False,1.733333945274353,True,False,False,False,False,False,False,False,15.132812499999995
ceed,ci10631597/CI.EML..HH,P,s1_consensus_offset,5110.0,11.72,1.96,13.68,53.06,13,16,0.06000000000000005,False,-4.4303879737854,True,False,False,False,False,False,False,False,14.47727272727272
ceed,ci39666960/CI.EML..HH,S,s1_consensus_offset,6900.0,25.08,2.895,27.974999999999998,71.895,6,16,0.030000000000000027,False,9.080769538879396,False,True,False,False,False,False,False,False,13.570312499999995
ceed,ci40441727/CI.RSP..HH,S,s1_consensus_offset,3537.0,21.63,-3.88,17.75,31.49,6,16,0.060000000000000275,False,2.096620559692383,False,True,False,False,False,True,False,False,13.227272727272693
ceed,ci14349048/CI.EML..HH,P,s1_consensus_offset,4457.0,8.8,1.55,10.350000000000001,46.12,14,16,0.05500000000000005,False,4.500722408294678,True,False,False,False,False,False,False,True,12.91666666666666
ceed,ci10661525/CI.EML..HH,P,s1_consensus_offset,5032.0,11.7,-3.72,7.979999999999999,46.6,9,16,0.11999999999999966,False,2.8971188068389893,True,False,False,False,False,False,False,False,12.308823529411791
ceed,ci37284000/CI.JEM..HH,P,s1_consensus_offset,4935.0,21.74,1.12,22.86,50.47,14,16,0.030000000000000027,False,-4.126551628112793,True,False,False,False,False,False,False,False,12.249999999999996
cwa,1312070721_ESL_HH_BB_10,P,s1_consensus_offset,2716.0,16.86,-1.01,15.85,26.15,15,16,0.020000000000000018,False,0.0220787245780229,True,True,False,False,False,False,False,False,13.526785714285712
cwa,1207270134_NWF_HL_SMT_10,P,s1_consensus_offset,3181.0,5.49,1.62,7.11,33.43,10,16,0.06500000000000006,False,0.0055402461439371,True,False,False,False,False,False,False,False,8.804347826086952
cwa,1312070721_ESL_HH_BB_10,S,s1_consensus_offset,3161.0,21.31,-0.94,20.369999999999997,30.669999999999998,9,16,0.020000000000000018,False,0.0220787245780229,True,True,False,False,False,False,False,False,7.553571428571425
cwa,1302030737_NCU_EH_SMT_10,P,s1_consensus_offset,3704.0,17.83,0.99,18.819999999999997,38.03,11,16,0.08000000000000007,False,2.131988763809204,True,False,False,False,False,False,False,False,5.235576923076921
cwa,1307110544_NTC_HL_BH_00,S,s1_consensus_offset,3229.0,21.29,-1.0,20.29,31.29,9,16,0.07999999999999996,False,0.0001894790621008,False,True,False,False,False,False,False,False,4.326923076923078
cwa,20140319_121926_CHY031_19507800_MNS_10,P,s1_consensus_offset,6712.0,4.43,0.9,5.33,68.02000000000001,14,16,0.14500000000000002,False,7.215521335601807,True,False,False,False,False,False,False,False,4.038461538461538
cwa,1311112319_WHF_HL_SMT_10,S,s1_consensus_offset,2629.0,21.01,0.34,21.35,26.63,13,16,0.020000000000000018,False,0.125870794057846,False,True,False,False,False,False,False,False,3.9464285714285703
cwa,1311011549_NST_EH_SMT_10,P,s1_consensus_offset,5770.0,19.11,0.38,19.49,58.080000000000005,11,16,0.030000000000000027,False,2.2044425010681152,True,False,False,False,False,False,False,False,3.2656249999999987
cwa,1202230548_NST_HL_SMT_10,P,s1_consensus_offset,12557.0,12.64,0.365,13.005,125.93499999999999,14,16,0.05499999999999999,False,0.0068203723058104,True,False,False,False,False,False,False,False,3.041666666666667
cwa,1212071145_NNS_HL_SMT_10,S,s1_consensus_offset,2197.0,20.24,0.37,20.61,22.34,10,16,0.035,False,0.0310754030942916,False,True,False,False,False,False,False,False,2.7205882352941173
cwa,1311050949_NST_EH_SMT_10,P,s1_consensus_offset,5787.0,3.91,0.305,4.215,58.175,12,16,0.035,False,6.251153945922852,True,False,False,False,False,False,False,False,2.691176470588235
cwa,1309131213_EOS1_HH_OBS_20,S,s1_consensus_offset,4972.0,27.82,-0.47,27.35,49.25,7,16,0.030000000000000027,False,-1.7226899862289429,False,True,False,False,False,False,False,False,2.5703124999999987
cwa,1302170504_CHY_HL_SMT_10,P,s1_consensus_offset,4562.0,3.39,0.755,4.1450000000000005,46.375,10,16,0.135,False,-0.000810264609754,True,False,False,False,False,False,False,False,2.550675675675676
cwa,1201100934_HWA_HL_SMT_10,S,s1_consensus_offset,1773.0,16.06,0.35,16.41,18.080000000000002,12,16,0.05499999999999999,False,4.899348258972168,False,True,False,False,False,False,False,False,2.5
cwa,1307250912_SCL_HL_SMT_10,P,s1_consensus_offset,4090.0,20.96,0.67,21.630000000000003,41.57,9,16,0.10999999999999999,False,-0.0013496961910277,True,False,False,False,False,False,False,False,2.3554687500000004
cwa,1201140816_SML_EH_SMT_10,S,s1_consensus_offset,4165.0,13.87,-0.39,13.479999999999999,41.26,7,16,0.030000000000000027,False,14.918130874633787,False,True,False,False,False,False,False,False,2.132812499999999
cwa,1305210420_ILA_EH_SMT_10,S,s1_consensus_offset,9913.0,16.97,-0.45999999999999996,16.509999999999998,98.67,8,16,0.06000000000000005,False,7.988068580627441,False,True,False,False,False,False,False,False,2.0909090909090895
cwa,1311230143_SNS_HL_BH_00,P,s1_consensus_offset,4691.0,10.27,0.57,10.84,47.48,11,16,0.13999999999999996,False,1.848933458328247,True,False,False,False,False,False,False,False,2.0625000000000004
cwa,1211101320_HSN_EH_SMT_10,P,s1_consensus_offset,4930.0,19.21,0.35,19.560000000000002,49.65,11,16,0.07,False,3.330045223236084,True,False,False,False,False,False,False,False,2.005208333333333
cwa,1302262038_WNT_HL_SMT_10,P,s1_consensus_offset,4150.0,16.51,0.37,16.880000000000003,41.87,13,16,0.09999999999999998,False,0.0056990189477801,True,False,False,False,False,False,False,False,2.0041666666666673
cwa,1410071808_ENT_EH_SMT_10,S,s1_consensus_offset,4029.0,18.73,0.48,19.21,40.769999999999996,6,16,0.04500000000000001,False,42.66633987426758,False,True,False,False,False,False,False,False,1.8947368421052628
cwa,1408261832_LDU_HL_BH_10,S,s1_consensus_offset,4002.0,23.49,0.55,24.04,40.57,7,16,0.08000000000000007,False,0.0006203450611792,False,True,False,False,False,False,False,False,1.8509615384615377
cwa,1307241530_SML_EH_SMT_10,S,s1_consensus_offset,11460.0,16.44,0.36,16.8,114.96,9,16,0.06,False,51.06631851196289,False,True,False,False,False,False,False,False,1.8409090909090908
cwa,1308170058_CHK_HH_BB_10,P,s1_consensus_offset,4130.0,21.62,-0.33,21.290000000000003,40.97,12,16,0.09,False,0.0013747576158493,True,False,False,False,False,False,False,False,1.7678571428571428
cwa,1412280153_SGS_HL_SMT_10,S,s1_consensus_offset,4432.0,20.74,0.4,21.139999999999997,44.72,7,16,0.04999999999999999,False,0.001242870115675,False,True,False,False,False,False,False,False,1.7500000000000004
cwa,1311021457_TWT_EH_SMT_10,S,s1_consensus_offset,2379.0,23.46,0.39,23.85,24.18,8,16,0.06499999999999997,False,14.106329917907717,False,True,False,False,False,False,False,False,1.695652173913044
cwa,1302061726_LIOB_HH_BB_10,S,s1_consensus_offset,5717.0,19.56,0.33,19.889999999999997,57.5,7,16,0.040000000000000036,False,-0.0875291600823402,False,True,False,False,False,False,False,False,1.604166666666666
cwa,1206131440_ILA_HH_BH_00,S,s1_consensus_offset,7212.0,10.06,-0.405,9.655000000000001,71.715,10,16,0.11500000000000002,False,18.997013092041016,False,True,False,False,False,False,False,False,1.5340909090909087
cwa,1304262333_NSK_HL_SMT_10,S,s1_consensus_offset,2485.0,7.94,0.31,8.25,25.16,10,16,0.08,False,1.0581783056259155,False,True,False,False,False,False,False,False,1.4903846153846154
cwa,1203061410_WNT_HL_SMT_10,S,s1_consensus_offset,21145.0,16.9,-0.315,16.584999999999997,211.135,6,16,0.03999999999999998,False,0.0003585407102946,False,True,False,False,False,False,False,False,1.3125000000000004
ethz,"bucket13$813,:3,:26100",P,s1_consensus_offset,12000.0,16.94,2.5149999999999997,19.455000000000002,122.515,14,15,0.03499999999999992,False,3.0070788860321045,True,False,False,False,False,True,False,False,27.615686274509827
ethz,"bucket20$448,:3,:14848",S,s1_consensus_offset,7647.0,29.95,-4.43,25.52,72.03999999999999,7,15,0.040000000000000036,False,21.13553237915039,False,True,False,False,False,True,False,False,22.97037037037036
ethz,"bucket23$550,:3,:24973",S,s1_consensus_offset,12972.0,29.08,-2.31,26.77,127.41,7,15,0.010000000000000231,False,2.4134175777435303,False,True,False,False,False,True,False,False,17.966666666666598
ethz,"bucket10$987,:3,:25677",S,s1_consensus_offset,13675.0,22.96,1.5150000000000001,24.475,138.265,10,15,0.03500000000000003,False,17.810091018676758,False,True,False,False,False,True,False,False,11.882352941176466
ethz,"bucket11$819,:3,:30961",S,s1_consensus_offset,15960.0,21.33,-1.1949999999999998,20.134999999999998,158.405,8,15,0.029999999999999916,False,26.347871780395508,False,True,False,False,False,True,False,False,7.966666666666673
ethz,"bucket4$761,:3,:31387",S,s1_consensus_offset,16385.0,23.12,-0.92,22.2,162.93,9,15,0.029999999999999916,False,15.883207321166992,False,True,False,False,False,True,False,False,6.9000000000000075
ethz,"bucket32$174,:3,:25460",S,s1_consensus_offset,13458.0,27.12,-0.905,26.215,133.675,8,15,0.020000000000000018,False,10.46702480316162,False,True,False,False,False,True,False,False,6.895238095238093
ethz,"bucket4$125,:3,:30737",S,s1_consensus_offset,15735.0,22.04,-0.66,21.38,156.69,10,15,0.020000000000000018,False,20.334028244018555,False,True,False,False,False,True,False,False,6.285714285714285
ethz,"bucket18$74,:3,:30836",S,s1_consensus_offset,15834.0,25.09,0.91,26.0,159.25,9,15,0.039999999999999925,False,27.216136932373047,False,True,False,False,False,True,False,False,6.066666666666672
ethz,"bucket4$123,:3,:30802",S,s1_consensus_offset,15800.0,24.7,-0.99,23.71,157.01,9,15,0.050000000000000044,False,17.722736358642578,False,True,False,False,False,True,False,False,5.939999999999997
ethz,"bucket4$121,:3,:30885",S,s1_consensus_offset,15884.0,24.87,-1.94,22.93,156.9,8,15,0.1299999999999999,False,14.12623119354248,False,True,False,False,False,True,False,False,5.748148148148151
ethz,"bucket9$617,:3,:31785",P,s1_consensus_offset,14999.0,25.21,1.04,26.25,151.03,11,15,0.08999999999999986,False,0.916385531425476,True,False,False,False,False,True,False,False,5.447619047619053
ethz,"bucket24$935,:3,:16049",P,s1_consensus_offset,7199.0,3.8,0.83,4.63,72.82,12,15,0.08000000000000002,False,11.861050605773926,True,False,False,False,False,True,False,False,5.107692307692307
ethz,"bucket4$124,:3,:30736",S,s1_consensus_offset,15734.0,25.39,-0.58,24.810000000000002,156.76,9,15,0.019999999999999907,False,20.18427276611328,False,True,False,False,False,True,False,False,4.971428571428577
ethz,"bucket7$328,:3,:31123",S,s1_consensus_offset,16122.0,22.42,0.9299999999999999,23.35,162.15,6,15,0.025000000000000022,False,18.998645782470703,False,True,False,False,False,True,False,False,4.959999999999998
ethz,"bucket1$990,:3,:31721",P,s1_consensus_offset,15000.0,7.04,0.56,7.6,150.56,13,15,0.050000000000000044,False,18.22896385192871,True,False,False,False,False,True,False,False,4.853333333333332
ethz,"bucket4$1019,:3,:30622",S,s1_consensus_offset,15620.0,15.2,0.88,16.08,157.07999999999998,9,15,0.06000000000000005,False,13.022604942321776,False,True,False,False,False,True,False,False,4.799999999999997
ethz,"bucket9$442,:3,:31293",P,s1_consensus_offset,15000.0,14.45,0.81,15.26,150.81,11,15,0.07999999999999996,False,2.216376781463623,True,False,False,False,False,True,False,False,4.569230769230771
ethz,"bucket4$269,:3,:30959",S,s1_consensus_offset,15957.0,26.02,0.725,26.745,160.295,8,15,0.034999999999999976,False,12.943195343017578,False,True,False,False,False,True,False,False,4.549019607843138
ethz,"bucket23$476,:3,:24639",S,s1_consensus_offset,12638.0,23.02,-1.105,21.915,125.27499999999999,8,15,0.08999999999999997,False,0.5147401690483093,False,True,False,False,False,True,False,False,4.2095238095238106
ethz,"bucket43$253,:3,:25263",S,s1_consensus_offset,13262.0,16.59,-0.41000000000000003,16.18,132.21,10,15,0.014999999999999986,False,33.64260482788086,False,True,False,False,False,True,False,False,4.205128205128206
ethz,"bucket4$530,:3,:32035",P,s1_consensus_offset,14999.0,24.01,0.8,24.810000000000002,150.79000000000002,11,15,0.08999999999999997,False,5.121140003204346,True,False,False,False,False,True,False,False,4.190476190476192
ethz,"bucket11$206,:3,:30666",S,s1_consensus_offset,15664.0,16.73,-0.55,16.18,156.08999999999997,11,15,0.050000000000000044,False,21.83943748474121,False,True,False,False,False,True,False,False,4.033333333333331
ethz,"bucket1$986,:3,:32070",P,s1_consensus_offset,15000.0,11.88,0.72,12.600000000000001,150.72,12,15,0.09500000000000003,False,7.680449485778809,True,False,False,False,False,True,False,False,3.9724137931034478
ethz,"bucket15$782,:3,:15264",S,s1_consensus_offset,8063.0,26.23,0.39,26.62,81.02,9,15,0.010000000000000009,False,12.551390647888184,False,True,False,False,False,True,False,False,3.8999999999999995
ethz,"bucket1$888,:3,:31223",P,s1_consensus_offset,15000.0,9.38,0.555,9.935,150.555,12,15,0.065,False,6.908788204193115,True,True,False,False,False,True,False,False,3.8608695652173917
ethz,"bucket23$257,:3,:26025",S,s1_consensus_offset,14023.0,26.8,0.47,27.27,140.7,8,15,0.015000000000000013,False,4.836911678314209,False,True,False,False,False,True,False,False,3.856410256410255
ethz,"bucket24$965,:3,:14991",S,s1_consensus_offset,7789.0,29.75,-1.63,28.12,76.26,6,15,0.1250000000000001,False,8.52644157409668,False,True,False,False,False,True,False,False,3.7257142857142833
ethz,"bucket14$155,:3,:31628",P,s1_consensus_offset,14999.0,9.6,0.59,10.19,150.58,13,15,0.09000000000000008,False,5.117433071136475,True,False,False,False,False,True,False,False,3.6523809523809505
ethz,"bucket28$823,:3,:25199",P,s1_consensus_offset,11999.0,23.5,0.79,24.29,120.78,12,15,0.125,False,3.0678586959838867,True,False,False,False,False,True,False,False,3.611428571428572
instancecounts,"bucket73$950,:3,:12000",S,s1_consensus_offset,2319.0,23.19,4.9,28.090000000000003,28.090000000000003,13,15,0.019999999999999574,False,14.102341651916504,False,True,False,False,False,True,False,False,60.66666666666704
instancecounts,"bucket452$708,:3,:12000",S,s1_consensus_offset,2290.0,22.9,4.99,27.89,27.89,9,15,0.0,True,3.477832555770874,False,True,False,False,False,True,False,False,59.879999999999995
instancecounts,"bucket406$570,:3,:12000",S,s1_consensus_offset,2156.0,21.56,4.55,26.11,26.11,11,15,0.009999999999999787,False,13.349859237670898,False,True,False,False,False,True,False,False,55.6111111111113
instancecounts,"bucket1097$395,:3,:12000",S,s1_consensus_offset,1898.0,18.98,4.975,23.955,23.955,10,15,0.015000000000000568,False,22.678539276123047,False,True,False,False,False,True,False,False,51.025641025640574
instancecounts,"bucket382$889,:3,:12000",S,s1_consensus_offset,2211.0,22.11,4.83,26.939999999999998,26.939999999999998,11,15,0.020000000000000462,False,6.950460433959961,False,True,False,False,False,True,False,False,50.59999999999966
instancecounts,"bucket503$237,:3,:12000",S,s1_consensus_offset,2174.0,21.74,4.98,26.72,26.72,9,15,0.009999999999999787,False,21.409914016723636,False,True,False,False,False,True,False,False,49.800000000000175
instancecounts,"bucket292$629,:3,:12000",S,s1_consensus_offset,2339.0,23.39,4.985,28.375,28.375,8,15,0.004999999999999893,False,10.49867057800293,False,True,False,False,False,True,False,False,48.33939393939403
instancecounts,"bucket782$103,:3,:12000",P,s1_consensus_offset,2200.0,18.52,-3.745,14.774999999999999,18.255,14,15,0.029999999999999805,False,9.115675926208496,True,True,False,False,False,True,False,False,43.69166666666678
instancecounts,"bucket1109$732,:3,:12000",S,s1_consensus_offset,2402.0,24.02,4.92,28.939999999999998,28.939999999999998,13,15,0.04999999999999982,False,21.705005645751957,False,True,False,False,False,True,False,False,42.64000000000008
instancecounts,"bucket57$691,:3,:12000",S,s1_consensus_offset,1921.0,19.21,4.91,24.12,24.12,13,15,0.04999999999999982,False,11.741924285888672,False,True,False,False,False,True,False,False,42.55333333333341
instancecounts,"bucket336$52,:3,:12000",S,s1_consensus_offset,2281.0,22.81,4.64,27.45,27.45,11,15,0.03000000000000025,False,23.94722557067871,False,True,False,False,False,True,False,False,42.533333333333196
instancecounts,"bucket279$180,:3,:12000",S,s1_consensus_offset,2220.0,22.2,4.18,26.38,26.38,12,15,0.03000000000000025,False,19.55308151245117,False,True,False,False,False,True,False,False,41.79999999999987
instancecounts,"bucket449$932,:3,:12000",S,s1_consensus_offset,2120.0,21.2,4.825,26.025,26.025,12,15,0.04499999999999993,False,23.998146057128903,False,True,False,False,False,True,False,False,40.63157894736845
instancecounts,"bucket803$491,:3,:12000",S,s1_consensus_offset,2850.0,28.5,-5.0,23.5,23.5,6,15,0.0,True,4.464808464050293,False,True,False,False,False,True,False,False,40.0
instancecounts,"bucket876$438,:3,:12000",S,s1_consensus_offset,2252.0,22.52,3.865,26.384999999999998,26.384999999999998,10,15,0.015000000000000124,False,22.328187942504883,False,True,False,False,False,True,False,False,39.641025641025564
instancecounts,"bucket163$341,:3,:12000",S,s1_consensus_offset,2094.0,20.94,4.345,25.285,25.285,10,15,0.02499999999999991,False,15.41477394104004,False,True,False,False,False,True,False,False,38.62222222222226
instancecounts,"bucket43$374,:3,:12000",S,s1_consensus_offset,2374.0,23.74,4.805,28.544999999999998,28.544999999999998,12,15,0.05500000000000016,False,29.218839645385746,False,True,False,False,False,True,False,False,36.60952380952375
instancecounts,"bucket368$830,:3,:12000",S,s1_consensus_offset,2306.0,23.06,2.955,26.015,26.015,12,15,0.015000000000000124,False,34.369384765625,False,True,False,False,False,True,False,False,36.369230769230704
instancecounts,"bucket172$402,:3,:12000",S,s1_consensus_offset,2405.0,24.05,3.35,27.400000000000002,27.400000000000002,13,15,0.029999999999999805,False,9.16417121887207,False,True,False,False,False,True,False,False,36.29166666666676
instancecounts,"bucket244$866,:3,:12000",S,s1_consensus_offset,2052.0,20.52,3.4850000000000003,24.005,24.005,12,15,0.030000000000000027,False,26.008737564086918,False,True,False,False,False,True,False,False,34.84999999999999
instancecounts,"bucket859$546,:3,:12000",S,s1_consensus_offset,1937.0,19.37,3.06,22.43,22.43,10,15,0.009999999999999787,False,13.499101638793944,False,True,False,False,False,True,False,False,34.000000000000114
instancecounts,"bucket1005$654,:3,:12000",S,s1_consensus_offset,2269.0,22.69,3.76,26.450000000000003,26.450000000000003,12,15,0.040000000000000036,False,44.73691940307617,False,True,False,False,False,True,False,False,33.42222222222221
instancecounts,"bucket225$54,:3,:12000",S,s1_consensus_offset,1871.0,18.71,3.19,21.900000000000002,21.900000000000002,11,15,0.020000000000000018,False,22.211963653564453,False,True,False,False,True,True,False,False,33.4190476190476
instancecounts,"bucket1045$853,:3,:12000",S,s1_consensus_offset,2165.0,21.65,4.93,26.58,26.58,11,15,0.0600000000000005,False,43.639427185058594,False,True,False,False,False,True,False,False,32.86666666666652
instancecounts,"bucket633$682,:3,:12000",S,s1_consensus_offset,2186.0,21.86,2.62,24.48,24.48,13,15,0.020000000000000018,False,24.93969345092773,False,True,False,False,False,True,False,False,32.43809523809523
instancecounts,"bucket454$917,:3,:12000",S,s1_consensus_offset,2076.0,20.76,3.85,24.610000000000003,24.610000000000003,11,15,0.040000000000000036,False,34.22614288330078,False,True,False,False,False,True,False,False,31.370370370370352
instancecounts,"bucket1117$943,:3,:12000",S,s1_consensus_offset,2264.0,22.64,2.87,25.51,25.51,13,15,0.029999999999999805,False,39.10074996948242,False,True,False,False,False,True,False,False,31.091666666666743
instancecounts,"bucket1087$119,:3,:12000",S,s1_consensus_offset,2397.0,23.97,3.71,27.68,27.68,12,15,0.050000000000000044,False,27.611133575439453,False,True,False,False,False,True,False,False,29.679999999999986
instancecounts,"bucket582$465,:3,:12000",S,s1_consensus_offset,1989.0,19.89,3.05,22.94,22.94,13,15,0.040000000000000036,False,30.18561744689941,False,True,False,False,False,True,False,False,29.370370370370356
instancecounts,"bucket540$694,:3,:12000",S,s1_consensus_offset,2433.0,24.33,4.015,28.345,28.345,12,15,0.0600000000000005,False,17.076807022094727,False,True,False,False,False,True,False,False,29.199999999999864
mlaapde,"bucket6$12,:3,:4800",P,s1_consensus_offset,2399.0,19.24,3.36,22.599999999999998,63.335,9,15,0.10000000000000009,False,1.6634736061096191,True,False,False,False,False,False,False,False,13.439999999999992
mlaapde,"bucket2$580,:3,:4800",P,s1_consensus_offset,2400.0,10.37,1.63,12.0,61.63,10,15,0.04999999999999993,False,5.844880104064941,True,False,False,False,False,False,False,False,10.86666666666667
mlaapde,"bucket8$993,:3,:4800",P,s1_consensus_offset,2399.0,11.27,2.62,13.89,62.595,9,15,0.1499999999999999,False,1.366260290145874,True,False,False,False,False,False,False,False,7.860000000000004
mlaapde,"bucket3$439,:3,:4800",P,s1_consensus_offset,2400.0,16.74,1.26,18.0,61.26,7,15,0.030000000000000027,False,-2.8189938068389893,True,False,False,False,False,False,False,False,7.349999999999998
mlaapde,"bucket7$131,:3,:4800",P,s1_consensus_offset,2399.0,3.95,1.09,5.04,61.065000000000005,9,15,0.039999999999999813,False,6.645335674285889,True,False,False,False,False,False,False,False,7.266666666666682
mlaapde,"bucket10$198,:3,:4800",P,s1_consensus_offset,2399.0,24.5,0.92,25.42,60.895,7,15,0.010000000000000009,False,5.87260103225708,True,False,False,False,False,False,False,False,7.155555555555554
mlaapde,"bucket1$190,:3,:4800",P,s1_consensus_offset,2400.0,26.93,0.96,27.89,60.96,7,15,0.040000000000000036,False,3.778857946395874,True,False,False,False,False,False,False,False,4.977777777777776
mlaapde,"bucket10$587,:3,:4800",P,s1_consensus_offset,2400.0,23.95,0.48,24.43,60.48,12,15,0.03,False,14.358258247375488,True,False,False,False,False,False,False,False,4.800000000000001
mlaapde,"bucket11$491,:3,:4800",P,s1_consensus_offset,2399.0,19.56,0.58,20.139999999999997,60.555,10,15,0.040000000000000036,False,7.414849281311035,True,False,False,False,False,False,False,False,4.296296296296294
mlaapde,"bucket10$91,:3,:4800",P,s1_consensus_offset,2400.0,16.74,0.56,17.299999999999997,60.56,7,15,0.020000000000000018,False,3.966174840927124,True,False,False,False,False,False,False,False,3.7333333333333325
mlaapde,"bucket15$773,:3,:4800",P,s1_consensus_offset,2400.0,3.33,1.04,4.37,61.04,7,15,0.08000000000000007,False,-2.16595721244812,True,False,False,False,False,False,False,False,3.7333333333333316
mlaapde,"bucket1$238,:3,:4800",P,s1_consensus_offset,2400.0,24.91,-1.11,23.8,58.89,9,15,0.1299999999999999,False,0.2149613797664642,True,False,False,False,False,False,False,False,3.700000000000003
mlaapde,"bucket7$633,:3,:4800",P,s1_consensus_offset,2399.0,3.69,0.62,4.31,60.595,7,15,0.030000000000000027,False,4.347707271575928,True,False,False,False,False,False,False,False,3.6166666666666654
mlaapde,"bucket8$131,:3,:4800",P,s1_consensus_offset,2400.0,14.05,0.53,14.58,60.53,9,15,0.039999999999999925,False,5.254588603973389,True,False,False,False,False,False,False,False,3.5333333333333363
mlaapde,"bucket17$427,:3,:4800",P,s1_consensus_offset,2399.0,10.42,0.57,10.99,60.545,11,15,0.07000000000000006,False,16.728172302246094,True,False,False,False,False,False,False,False,3.483333333333331
mlaapde,"bucket0$903,:3,:4800",P,s1_consensus_offset,2400.0,8.25,0.75,9.0,60.75,8,15,0.07500000000000001,False,13.144145011901855,True,False,False,False,False,False,False,False,3.2
mlaapde,"bucket12$666,:3,:4800",P,s1_consensus_offset,2400.0,24.8,0.92,25.720000000000002,60.92,7,15,0.08999999999999997,False,0.364808052778244,True,False,False,False,False,False,False,False,3.0666666666666678
mlaapde,"bucket4$521,:3,:4800",P,s1_consensus_offset,2400.0,14.53,0.41,14.94,60.41,10,15,0.03999999999999998,False,7.5244293212890625,True,False,False,False,False,False,False,False,3.037037037037037
mlaapde,"bucket2$292,:3,:4800",P,s1_consensus_offset,2400.0,25.45,0.61,26.06,60.61,10,15,0.08999999999999997,False,8.018975257873535,True,False,False,False,False,False,False,False,2.9047619047619055
mlaapde,"bucket2$634,:3,:4800",P,s1_consensus_offset,2399.0,22.32,0.485,22.805,60.46,8,15,0.04000000000000001,False,3.0717575550079346,True,False,False,False,False,False,False,False,2.874074074074074
mlaapde,"bucket3$18,:3,:4800",P,s1_consensus_offset,2400.0,15.24,0.99,16.23,60.99,8,15,0.135,False,-1.38707435131073,True,False,False,False,False,False,False,False,2.854054054054054
mlaapde,"bucket0$887,:3,:4800",P,s1_consensus_offset,2400.0,15.27,0.35,15.62,60.35,11,15,0.040000000000000036,False,5.36270809173584,True,False,False,False,False,False,False,False,2.8518518518518503
mlaapde,"bucket10$53,:3,:4800",P,s1_consensus_offset,2399.0,15.76,0.675,16.435,60.65,8,15,0.08500000000000008,False,11.08676052093506,True,False,False,False,False,False,False,False,2.6666666666666656
mlaapde,"bucket6$263,:3,:4800",P,s1_consensus_offset,2399.0,10.79,0.595,11.385,60.57,12,15,0.13,False,2.979635715484619,True,False,False,False,False,False,False,False,2.6444444444444444
mlaapde,"bucket11$2,:3,:4800",P,s1_consensus_offset,2399.0,25.67,0.7,26.37,60.675000000000004,8,15,0.09499999999999997,False,5.266646862030029,True,False,False,False,False,False,False,False,2.5747126436781613
mlaapde,"bucket13$857,:3,:4800",P,s1_consensus_offset,2400.0,5.94,-0.405,5.535,59.595,8,15,0.035,False,7.816388130187988,True,False,False,False,False,False,False,False,2.541176470588235
mlaapde,"bucket12$594,:3,:4800",P,s1_consensus_offset,2399.0,25.04,0.94,25.98,60.915,7,15,0.13000000000000012,False,1.3909600973129272,True,False,False,False,False,False,False,False,2.4370370370370353
mlaapde,"bucket0$916,:3,:4800",P,s1_consensus_offset,2399.0,16.39,0.46,16.85,60.435,9,15,0.07,False,11.090313911437988,True,False,False,False,False,False,False,False,2.3
mlaapde,"bucket3$475,:3,:4800",P,s1_consensus_offset,2399.0,10.03,0.69,10.719999999999999,60.665,7,15,0.09999999999999998,False,12.029294967651367,True,False,False,False,False,False,False,False,2.146666666666667
mlaapde,"bucket10$169,:3,:4800",P,s1_consensus_offset,2400.0,25.25,0.44,25.69,60.44,8,15,0.06,False,1.6662085056304932,True,False,False,False,False,False,False,False,2.1333333333333333
pisdl,"bucket126$16,:3,:9887",P,s1_consensus_offset,2999.0,15.67,4.48,20.15,34.47,7,15,0.019999999999999574,False,0.6774534583091736,True,False,False,False,True,False,False,False,29.866666666666852
pisdl,"bucket137$356,:3,:11278",P,s1_consensus_offset,5539.0,7.67,3.93,11.6,59.32,7,15,0.040000000000000036,False,2.658945322036743,True,False,False,False,False,True,False,False,20.37777777777777
pisdl,"bucket137$7,:3,:9720",P,s1_consensus_offset,3000.0,6.4,-4.71,1.6900000000000004,25.29,7,15,0.08999999999999986,False,0.2117490917444229,True,False,False,False,True,False,False,False,15.700000000000019
pisdl,"bucket125$819,:3,:9152",S,s1_consensus_offset,4651.0,23.91,1.48,25.39,47.989999999999995,9,15,0.050000000000000044,False,8.116954803466797,False,True,False,False,False,True,False,False,8.879999999999995
pisdl,"bucket68$290,:3,:9232",P,s1_consensus_offset,2999.0,4.01,-1.67,2.34,28.32,9,15,0.10999999999999988,False,1.4733810424804688,True,False,False,False,True,False,False,False,6.2625000000000055
pisdl,"bucket29$458,:3,:6166",S,s1_consensus_offset,3165.0,14.69,-1.595,13.094999999999999,30.055,6,15,0.05499999999999994,False,1.9701855182647705,False,True,False,False,False,True,False,False,6.0761904761904795
pisdl,"bucket19$606,:3,:6540",P,s1_consensus_offset,2999.0,20.93,-0.585,20.345,29.404999999999998,14,15,0.03999999999999998,False,12.87418270111084,True,False,False,False,False,True,False,False,6.066666666666667
pisdl,"bucket29$137,:3,:6201",S,s1_consensus_offset,3200.0,18.91,-1.93,16.98,30.07,6,15,0.10999999999999988,False,9.503816604614258,False,True,False,False,False,True,False,False,4.825000000000005
pisdl,"bucket33$890,:3,:6124",S,s1_consensus_offset,3123.0,13.01,-1.12,11.89,30.11,9,15,0.09999999999999987,False,9.47497844696045,False,True,False,False,False,True,False,False,4.480000000000005
pisdl,"bucket12$504,:3,:6116",S,s1_consensus_offset,3115.0,15.31,-0.965,14.345,30.185,6,15,0.06000000000000005,False,10.74155616760254,False,True,False,False,False,True,False,False,3.5090909090909075
pisdl,"bucket5$256,:3,:6430",P,s1_consensus_offset,2999.0,12.08,-0.39,11.69,29.599999999999998,13,15,0.07,False,9.532682418823242,True,False,False,False,False,True,False,False,2.816666666666667
pisdl,"bucket38$632,:3,:6347",S,s1_consensus_offset,3345.0,14.68,-0.615,14.065,32.835,8,15,0.06999999999999995,False,11.762542724609377,False,True,False,False,False,True,False,False,2.7333333333333343
pisdl,"bucket72$204,:3,:7865",P,s1_consensus_offset,3000.0,19.76,0.5,20.26,30.5,9,15,0.06,False,0.7666254043579102,True,False,False,False,False,False,False,False,2.7272727272727275
pisdl,"bucket68$140,:3,:9470",P,s1_consensus_offset,2999.0,8.09,0.51,8.6,30.5,8,15,0.06,False,-5.586306095123291,True,False,False,False,False,False,False,False,2.4727272727272727
pisdl,"bucket51$40,:3,:8333",P,s1_consensus_offset,2999.0,13.22,-0.57,12.65,29.419999999999998,7,15,0.07999999999999996,False,5.203495025634766,True,False,False,False,False,False,False,False,2.046153846153847
pisdl,"bucket15$625,:3,:6335",P,s1_consensus_offset,2999.0,6.35,-0.53,5.819999999999999,29.459999999999997,9,15,0.11000000000000004,False,-2.726317882537842,True,False,False,False,False,True,False,False,1.9874999999999996
pisdl,"bucket56$9,:3,:7976",P,s1_consensus_offset,2999.0,7.46,0.49,7.95,30.479999999999997,10,15,0.12499999999999997,False,-6.23433256149292,True,False,False,False,True,False,False,False,1.8666666666666667
pisdl,"bucket68$182,:3,:8110",P,s1_consensus_offset,3000.0,10.75,0.59,11.34,30.59,9,15,0.14,False,1.9363691806793213,True,False,False,False,False,False,False,False,1.863157894736842
pisdl,"bucket47$10,:3,:6466",P,s1_consensus_offset,3000.0,6.7,-0.425,6.275,29.575,12,15,0.145,False,3.117395639419556,True,False,False,False,False,True,False,False,1.7435897435897436
pisdl,"bucket51$21,:3,:8002",P,s1_consensus_offset,3000.0,14.26,-0.4,13.86,29.6,11,15,0.14,False,3.3638370037078857,True,False,False,False,False,False,False,False,1.543859649122807
pisdl,"bucket72$670,:3,:7867",P,s1_consensus_offset,3000.0,5.18,0.30000000000000004,5.4799999999999995,30.3,14,15,0.13500000000000004,False,0.6618289947509766,True,False,False,False,False,False,False,False,1.5135135135135134
pisdl,"bucket68$274,:3,:8341",P,s1_consensus_offset,3000.0,11.61,-0.495,11.115,29.505,8,15,0.13999999999999999,False,-2.966233730316162,True,False,False,False,True,False,False,False,1.3894736842105262
pisdl,"bucket59$23,:3,:7787",S,s1_consensus_offset,4786.0,21.99,0.37,22.36,48.23,7,15,0.08000000000000002,False,1.4893733263015747,False,True,False,False,False,False,False,False,1.3282051282051281
pisdl,"bucket68$111,:3,:8173",S,s1_consensus_offset,5171.0,24.73,-0.34,24.39,51.37,7,15,0.07,False,-0.0958567410707473,False,True,False,False,False,False,False,False,1.3222222222222224
pisdl,"bucket49$475,:3,:6451",S,s1_consensus_offset,3450.0,20.15,-0.305,19.845,34.195,8,15,0.08499999999999999,False,-5.21582555770874,False,True,False,False,False,True,False,False,1.2049382716049382
pnw,"bucket9$9529,:3,:15001",P,s1_consensus_offset,5480.0,11.3,3.71,15.010000000000002,58.51,11,16,0.029999999999999805,False,1.2268354892730713,True,False,False,False,False,True,False,False,31.882812500000078
pnw,"bucket9$16379,:3,:15001",P,s1_consensus_offset,5505.0,21.53,4.6,26.130000000000003,59.65,9,16,0.05000000000000071,False,2.6653220653533936,True,False,False,False,False,True,False,False,25.87499999999981
pnw,"bucket5$4701,:3,:15001",P,s1_consensus_offset,5479.0,25.07,3.77,28.84,58.56,12,16,0.10000000000000009,False,-1.155900478363037,True,False,False,False,False,True,False,False,18.84999999999999
pnw,"bucket8$8146,:3,:15001",P,s1_consensus_offset,5339.0,21.36,2.67,24.03,56.06,11,16,0.04999999999999982,False,-4.468914031982422,True,False,False,False,False,True,False,False,18.35625000000003
pnw,"bucket7$11902,:3,:15001",P,s1_consensus_offset,5591.0,10.77,4.58,15.35,60.489999999999995,7,16,0.07000000000000028,False,-1.754380702972412,True,False,False,False,False,True,False,False,16.69791666666663
pnw,"bucket9$16734,:3,:15001",P,s1_consensus_offset,5391.0,25.8,2.975,28.775000000000002,56.885,12,16,0.08499999999999996,False,0.2750827670097351,True,False,False,False,False,True,False,False,16.527777777777786
pnw,"bucket10$10634,:3,:15001",P,s1_consensus_offset,5267.0,25.13,1.9649999999999999,27.095,54.635000000000005,10,16,0.030000000000000027,False,1.6001732349395752,True,False,False,False,False,True,False,False,15.351562499999993
pnw,"bucket10$16680,:3,:15001",P,s1_consensus_offset,5449.0,19.88,3.41,23.29,57.900000000000006,11,16,0.13000000000000034,False,2.0215628147125244,True,False,False,False,False,True,False,False,13.024305555555532
pnw,"bucket8$5900,:3,:15001",P,s1_consensus_offset,7100.0,16.14,-1.335,14.805,69.665,12,16,0.04999999999999993,False,2.58000111579895,True,False,False,False,True,False,False,False,10.012500000000006
pnw,"bucket5$1136,:3,:15001",P,s1_consensus_offset,5303.0,26.64,2.31,28.95,55.34,11,16,0.10999999999999988,False,1.156808376312256,True,False,False,False,False,True,False,False,9.925781250000009
pnw,"bucket7$12940,:3,:15001",P,s1_consensus_offset,5269.0,4.46,1.73,6.1899999999999995,54.419999999999995,11,16,0.10000000000000009,False,5.999536037445068,True,False,False,False,False,True,False,False,7.929166666666663
pnw,"bucket8$8383,:3,:15001",S,s1_consensus_offset,6678.0,28.78,-1.205,27.575000000000003,65.575,10,16,0.04500000000000004,False,36.46711349487305,False,True,False,False,False,True,False,False,7.927631578947365
pnw,"bucket7$870,:3,:15001",S,s1_consensus_offset,6372.0,17.18,-1.16,16.02,62.56,7,16,0.030000000000000027,False,11.881138801574709,False,True,False,False,False,True,False,False,6.3437499999999964
pnw,"bucket1$5614,:3,:15001",P,s1_consensus_offset,6856.0,5.12,1.86,6.98,70.42,7,16,0.07999999999999985,False,1.9260804653167725,True,False,False,False,True,False,False,False,6.259615384615393
pnw,"bucket9$12043,:3,:15001",S,s1_consensus_offset,5180.0,14.44,-1.0,13.44,50.8,10,16,0.050000000000000044,False,13.35454559326172,False,True,False,False,False,True,False,False,6.2499999999999964
pnw,"bucket7$3942,:3,:15001",S,s1_consensus_offset,7052.0,15.73,-0.88,14.85,69.64,11,16,0.050000000000000044,False,10.901151657104492,False,True,False,False,False,True,False,False,6.049999999999997
pnw,"bucket4$8601,:3,:15001",S,s1_consensus_offset,5244.0,27.06,-1.005,26.055,51.434999999999995,6,16,0.015000000000000124,False,7.102996826171875,False,True,False,False,False,True,False,False,5.798076923076911
pnw,"bucket10$17099,:3,:15001",S,s1_consensus_offset,5515.0,26.52,-2.31,24.21,52.839999999999996,6,16,0.10499999999999998,False,-3.434401273727417,False,True,False,False,False,True,False,False,5.588709677419356
pnw,"bucket6$2382,:3,:15001",P,s1_consensus_offset,7573.0,22.37,0.48,22.85,76.21000000000001,15,16,0.03999999999999998,False,10.877067565917969,True,False,False,False,False,False,False,False,5.000000000000001
pnw,"bucket10$7690,:3,:15001",P,s1_consensus_offset,8598.0,13.84,-0.74,13.1,85.24000000000001,15,16,0.08999999999999997,False,2.693903684616089,True,False,False,False,True,False,False,False,4.955357142857144
pnw,"bucket7$284,:3,:15001",P,s1_consensus_offset,7303.0,3.84,-0.95,2.8899999999999997,72.08,10,16,0.07500000000000007,False,8.850626945495605,True,False,False,False,False,False,False,False,4.749999999999997
pnw,"bucket9$1549,:3,:15001",S,s1_consensus_offset,6119.0,16.48,-0.37,16.11,60.82,14,16,0.020000000000000018,False,16.412612915039062,False,True,False,False,False,True,False,False,4.624999999999998
pnw,"bucket4$2329,:3,:15001",S,s1_consensus_offset,6769.0,25.77,-0.72,25.05,66.97,7,16,0.020000000000000018,False,6.300613880157471,False,True,False,False,False,True,False,False,4.499999999999999
pnw,"bucket10$8613,:3,:15001",P,s1_consensus_offset,8846.0,12.97,-0.675,12.295,87.785,12,16,0.065,False,7.038496017456055,True,False,False,False,True,False,False,False,4.4021739130434785
pnw,"bucket7$7677,:3,:15001",S,s1_consensus_offset,6816.0,23.49,-0.51,22.979999999999997,67.64999999999999,12,16,0.040000000000000036,False,6.018665790557861,False,True,False,False,False,True,False,False,4.249999999999998
pnw,"bucket9$8900,:3,:15001",S,s1_consensus_offset,9406.0,28.01,-1.5,26.51,92.56,6,16,0.08500000000000008,False,1.863671898841858,False,True,False,False,False,False,False,False,4.166666666666664
pnw,"bucket6$11184,:3,:15001",P,s1_consensus_offset,7772.0,26.48,1.03,27.51,78.75,7,16,0.06000000000000005,False,-4.776968955993652,True,False,False,False,True,False,False,False,4.096590909090907
pnw,"bucket4$1584,:3,:15001",P,s1_consensus_offset,5728.0,11.42,-0.35,11.07,56.93,12,16,0.015000000000000013,False,2.0126001834869385,True,False,False,False,False,True,False,False,4.038461538461537
pnw,"bucket10$9022,:3,:15001",S,s1_consensus_offset,6681.0,29.21,-0.48,28.73,66.33,10,16,0.025000000000000022,False,35.99964904785156,False,True,False,False,False,True,False,False,3.9999999999999987
pnw,"bucket3$5908,:3,:15001",P,s1_consensus_offset,7919.0,17.88,-0.81,17.07,78.38,13,16,0.1200000000000001,False,2.967994213104248,True,False,False,False,False,False,False,False,3.8713235294117627
stead,"bucket1122$719,:3,:6000",S,s1_consensus_offset,1871.2,18.71,4.99,23.700000000000003,23.701999999999998,12,14,0.0,True,2.5922884941101074,False,True,False,False,False,True,False,False,85.54285714285713
stead,"bucket612$389,:3,:6000",S,s1_consensus_offset,1632.2,16.32,4.99,21.310000000000002,21.311999999999998,11,14,0.0,True,14.378913879394531,False,True,False,False,False,True,False,False,78.41428571428571
stead,"bucket911$784,:3,:6000",S,s1_consensus_offset,1673.0,16.73,4.99,21.72,21.72,11,14,0.0,True,26.33604431152344,False,True,False,False,False,True,False,False,78.41428571428571
stead,"bucket600$823,:3,:6000",S,s1_consensus_offset,1429.0,14.29,4.99,19.28,19.28,10,14,0.0,True,32.2186393737793,False,True,False,False,False,True,False,False,71.28571428571429
stead,"bucket1201$829,:3,:6000",S,s1_consensus_offset,1916.0,19.16,4.985,24.145,24.145,10,14,0.004999999999999893,False,35.820594787597656,False,True,False,False,False,True,False,False,64.74025974025987
stead,"bucket1101$349,:3,:6000",S,s1_consensus_offset,1887.2,18.87,4.99,23.86,23.862000000000002,9,14,0.0,True,4.869621276855469,False,True,False,False,False,True,False,False,64.15714285714286
stead,"bucket309$249,:3,:6000",S,s1_consensus_offset,707.0,7.07,4.99,12.06,12.06,9,14,0.0,True,40.32781982421875,False,True,False,False,False,True,False,False,64.15714285714286
stead,"bucket455$158,:3,:6000",S,s1_consensus_offset,1045.0,10.45,4.99,15.44,15.44,9,14,0.0,True,15.252455711364746,False,True,False,False,False,True,False,False,64.15714285714286
stead,"bucket1158$957,:3,:6000",S,s1_consensus_offset,1705.0,17.05,4.91,21.96,21.96,12,14,0.019999999999999574,False,33.8731575012207,False,True,False,False,False,True,False,False,60.12244897959219
stead,"bucket842$349,:3,:6000",S,s1_consensus_offset,1463.0,14.63,4.95,19.580000000000002,19.580000000000002,10,14,0.009999999999999787,False,25.742923736572266,False,True,False,False,False,True,False,False,58.928571428571644
stead,"bucket1029$199,:3,:6000",S,s1_consensus_offset,2208.0,22.08,4.99,27.07,27.07,8,14,0.0,True,8.361385345458984,False,True,False,False,False,False,False,False,57.028571428571425
stead,"bucket1077$58,:3,:6000",S,s1_consensus_offset,1902.5,19.02,4.99,24.009999999999998,24.015,8,14,0.0,True,-0.2732483446598053,False,True,False,False,False,True,False,False,57.028571428571425
stead,"bucket839$417,:3,:6000",S,s1_consensus_offset,2080.0,20.8,4.99,25.79,25.79,8,14,0.0,True,15.011338233947754,False,True,False,False,False,True,False,False,57.028571428571425
stead,"bucket985$538,:3,:6000",S,s1_consensus_offset,1502.5,15.02,4.99,20.009999999999998,20.015,8,14,0.0,True,16.739971160888672,False,True,False,False,False,True,False,False,57.028571428571425
stead,"bucket1155$371,:3,:6000",S,s1_consensus_offset,1849.2,18.49,4.96,23.45,23.452,10,14,0.01499999999999968,False,11.171244621276855,False,True,False,False,False,True,False,False,54.50549450549477
stead,"bucket1152$272,:3,:6000",S,s1_consensus_offset,1656.0,16.56,4.98,21.54,21.54,9,14,0.009999999999999787,False,18.93061065673828,False,True,False,False,False,True,False,False,53.35714285714305
stead,"bucket1208$536,:3,:6000",S,s1_consensus_offset,2229.0,22.29,4.98,27.27,27.27,9,14,0.009999999999999787,False,48.05322265625,False,True,False,False,False,False,False,False,53.35714285714305
stead,"bucket654$627,:3,:6000",S,s1_consensus_offset,1791.0,17.91,4.98,22.89,22.89,9,14,0.009999999999999787,False,5.78672981262207,False,True,False,False,False,True,False,False,53.35714285714305
stead,"bucket793$178,:3,:6000",S,s1_consensus_offset,1722.0,17.22,4.98,22.2,22.2,9,14,0.009999999999999787,False,37.92121887207031,False,True,False,False,False,True,False,False,53.35714285714305
stead,"bucket958$847,:3,:6000",S,s1_consensus_offset,1233.309,12.33,4.56,16.89,16.89309,12,14,0.02499999999999991,False,23.57953453063965,False,True,False,False,False,True,False,False,52.114285714285764
stead,"bucket769$43,:3,:6000",S,s1_consensus_offset,765.0,7.65,4.985,12.635000000000002,12.635000000000002,8,14,0.004999999999999893,False,45.94503784179688,False,True,False,False,False,True,False,False,51.79220779220789
stead,"bucket1203$585,:3,:6000",S,s1_consensus_offset,1951.9,19.52,4.99,24.509999999999998,24.509,7,14,0.0,True,-1.407685160636902,False,True,False,False,False,True,False,False,49.9
stead,"bucket429$749,:3,:6000",S,s1_consensus_offset,1009.0,10.09,4.99,15.08,15.08,7,14,0.0,True,36.0766487121582,False,True,False,False,False,True,False,False,49.9
stead,"bucket505$690,:3,:6000",S,s1_consensus_offset,1289.0,12.89,4.99,17.880000000000003,17.880000000000003,7,14,0.0,True,26.4958610534668,False,True,False,False,False,True,False,False,49.9
stead,"bucket611$828,:3,:6000",S,s1_consensus_offset,1879.4,18.79,4.99,23.78,23.784,7,14,0.0,True,5.366062641143799,False,True,False,False,False,True,False,False,49.9
stead,"bucket613$863,:3,:6000",S,s1_consensus_offset,2928.8,29.29,-4.97,24.32,24.318,10,14,0.02499999999999991,False,14.924480438232422,False,True,False,False,False,False,False,False,47.333333333333385
stead,"bucket525$294,:3,:6000",S,s1_consensus_offset,2285.0,22.85,4.97,27.82,27.82,8,14,0.010000000000000231,False,18.023256301879883,False,True,False,False,False,True,False,False,47.333333333333144
stead,"bucket475$931,:3,:6000",S,s1_consensus_offset,961.0,9.61,4.21,13.82,13.82,11,14,0.019999999999999574,False,31.44216728210449,False,True,False,False,False,True,False,False,47.25510204081661
stead,"bucket619$135,:3,:6000",S,s1_consensus_offset,2301.6,23.02,4.41,27.43,27.426,9,14,0.009999999999999787,False,28.829212188720703,False,True,False,False,False,False,False,False,47.25000000000017
stead,"bucket583$928,:3,:6000",S,s1_consensus_offset,1880.2,18.8,4.555,23.355,23.357,10,14,0.020000000000000018,False,13.143921852111816,False,True,False,False,False,True,False,False,46.479591836734684
txed,"bucket390$1019,:3,:6000",S,s1_consensus_offset,1041.0,10.41,4.99,15.4,15.4,11,16,0.0,True,17.130403518676758,False,True,False,False,False,True,False,False,68.6125
txed,"bucket499$828,:3,:6000",S,s1_consensus_offset,1206.0,12.06,4.99,17.05,17.05,11,16,0.0,True,28.913816452026367,False,True,False,False,False,True,False,False,68.6125
txed,"bucket397$859,:3,:6000",S,s1_consensus_offset,897.0,8.97,4.99,13.96,13.96,9,16,0.0,True,46.00955581665039,False,True,False,False,False,True,False,False,56.137499999999996
txed,"bucket505$690,:3,:6000",S,s1_consensus_offset,1332.0,12.89,4.99,17.880000000000003,18.310000000000002,9,16,0.0,True,26.4958610534668,False,True,False,False,False,True,False,False,56.137499999999996
txed,"bucket320$417,:3,:6000",S,s1_consensus_offset,1683.0,16.83,4.96,21.79,21.79,13,16,0.03000000000000025,False,27.22339630126953,False,True,False,False,False,True,False,False,50.374999999999844
txed,"bucket461$267,:3,:6000",S,s1_consensus_offset,1808.0,18.08,4.99,23.07,23.07,8,16,0.0,True,28.53132057189941,False,True,False,False,False,True,False,False,49.9
txed,"bucket473$844,:3,:6000",S,s1_consensus_offset,964.0,9.64,4.99,14.63,14.63,8,16,0.0,True,3.565398931503296,False,True,False,False,False,True,False,False,49.9
txed,"bucket435$203,:3,:6000",S,s1_consensus_offset,622.0,6.22,4.92,11.14,11.14,12,16,0.03000000000000025,False,38.728515625,False,True,False,False,False,True,False,False,46.12499999999986
txed,"bucket427$597,:3,:6000",S,s1_consensus_offset,1752.0,17.52,4.43,21.95,21.95,11,16,0.020000000000000462,False,9.648774147033691,False,True,False,False,False,True,False,False,43.50892857142828
txed,"bucket278$341,:3,:6000",S,s1_consensus_offset,1065.0,10.65,4.07,14.72,14.72,14,16,0.0349999999999997,False,32.492549896240234,False,True,False,False,False,True,False,False,41.89705882352956
txed,"bucket403$496,:3,:6000",S,s1_consensus_offset,1492.0,14.92,4.45,19.37,19.37,13,16,0.040000000000000036,False,19.39655876159668,False,True,False,False,False,True,False,False,40.1736111111111
txed,"bucket408$549,:3,:6000",S,s1_consensus_offset,893.0,8.93,4.58,13.51,13.51,14,16,0.04999999999999982,False,33.4447135925293,False,True,False,False,False,True,False,False,40.075000000000074
txed,"bucket470$137,:3,:6000",S,s1_consensus_offset,1451.0,14.51,4.795,19.305,19.305,10,16,0.02499999999999991,False,3.270996332168579,False,True,False,False,False,True,False,False,39.95833333333338
txed,"bucket386$612,:3,:6000",S,s1_consensus_offset,2188.0,21.88,4.98,26.86,26.86,7,16,0.009999999999999787,False,32.384063720703125,False,True,False,False,False,False,False,False,36.31250000000013
txed,"bucket457$1,:3,:6000",S,s1_consensus_offset,1024.0,10.24,4.22,14.46,14.46,11,16,0.03000000000000025,False,25.28181266784668,False,True,False,False,False,True,False,False,36.265624999999886
txed,"bucket409$947,:3,:6000",S,s1_consensus_offset,920.0,9.2,4.17,13.37,13.37,11,16,0.03000000000000025,False,51.89574432373047,False,True,False,False,False,True,False,False,35.835937499999886
txed,"bucket344$685,:3,:6000",S,s1_consensus_offset,747.0,7.47,3.74,11.21,11.21,9,16,0.010000000000000231,False,4.6945414543151855,False,True,False,False,False,True,False,False,35.062499999999865
txed,"bucket345$720,:3,:6000",S,s1_consensus_offset,670.0,6.7,4.37,11.07,11.07,11,16,0.040000000000000036,False,5.991399765014648,False,True,False,False,False,True,False,False,33.38194444444443
txed,"bucket347$2,:3,:6000",S,s1_consensus_offset,677.0,6.77,4.25,11.02,11.02,10,16,0.03000000000000025,False,22.309402465820312,False,True,False,False,False,True,False,False,33.20312499999989
txed,"bucket370$305,:3,:6000",S,s1_consensus_offset,1051.0,10.51,2.86,13.37,13.37,11,16,0.010000000000000231,False,40.91286849975586,False,True,False,False,False,True,False,False,32.77083333333321
txed,"bucket426$611,:3,:6000",S,s1_consensus_offset,1139.0,11.39,4.6,15.99,15.99,9,16,0.03000000000000025,False,12.926594734191896,False,True,False,False,False,True,False,False,32.34374999999989
txed,"bucket355$293,:3,:6000",S,s1_consensus_offset,2058.0,20.58,4.6899999999999995,25.269999999999996,25.269999999999996,8,16,0.02499999999999991,False,5.501400947570801,False,True,False,False,False,True,False,False,31.266666666666698
txed,"bucket317$508,:3,:6000",S,s1_consensus_offset,1322.0,13.22,4.04,17.26,17.26,11,16,0.040000000000000036,False,16.47882652282715,False,True,False,False,False,True,False,False,30.8611111111111
txed,"bucket380$922,:3,:6000",S,s1_consensus_offset,971.0,9.71,4.02,13.73,13.73,11,16,0.040000000000000036,False,21.47578811645508,False,True,False,False,False,True,False,False,30.708333333333318
txed,"bucket392$244,:3,:6000",S,s1_consensus_offset,709.0,7.09,3.54,10.629999999999999,10.629999999999999,11,16,0.03000000000000025,False,57.23785018920898,False,True,False,False,False,True,False,False,30.4218749999999
txed,"bucket222$881,:3,:6000",P,s1_consensus_offset,1028.0,25.68,-4.13,21.55,6.1499999999999995,10,16,0.03500000000000014,False,7.938517570495605,True,False,False,False,True,False,False,False,30.367647058823476
txed,"bucket406$412,:3,:6000",S,s1_consensus_offset,659.0,6.59,3.09,9.68,9.68,11,16,0.020000000000000018,False,47.13653945922852,False,True,False,False,False,True,False,False,30.348214285714274
txed,"bucket478$630,:3,:6000",S,s1_consensus_offset,357.0,3.57,4.155,7.725,7.725,12,16,0.05500000000000016,False,6.475216865539551,False,True,False,False,False,True,False,False,29.678571428571384
txed,"bucket429$84,:3,:6000",S,s1_consensus_offset,2271.0,22.71,4.2,26.91,26.91,9,16,0.03000000000000025,False,36.63062286376953,False,True,False,False,False,True,False,False,29.531249999999908
txed,"bucket339$828,:3,:6000",S,s1_consensus_offset,1173.0,11.73,2.95,14.68,14.68,11,16,0.020000000000000018,False,38.38272857666016,False,True,False,False,False,True,False,False,28.973214285714278
vcseis,"bucket3$29,:3,:12071",P,s1_consensus_offset,6000.0,13.2,-4.14,9.059999999999999,55.86,13,15,0.03000000000000025,False,14.594526290893556,True,False,False,False,False,False,True,False,44.84999999999986
vcseis,"bucket35$907,:3,:12444",S,s1_consensus_offset,6442.0,9.94,-4.545,5.395,59.875,6,15,0.08499999999999996,False,0.0626688078045845,False,True,False,False,False,False,True,False,13.466666666666672
vcseis,"bucket46$385,:3,:12246",S,s1_consensus_offset,6244.0,18.77,-2.535,16.235,59.905,6,15,0.07499999999999996,False,8.19035530090332,False,True,False,False,False,False,True,False,8.112000000000004
vcseis,"bucket0$390,:3,:12146",S,s1_consensus_offset,6146.0,8.37,-0.58,7.789999999999999,60.88,11,15,0.029999999999999916,False,11.420291900634766,True,True,False,False,False,False,True,False,5.316666666666672
vcseis,"bucket7$529,:3,:12123",S,s1_consensus_offset,6122.0,6.69,-1.19,5.5,60.03,7,15,0.06000000000000005,False,17.426136016845703,False,True,False,False,False,False,True,False,5.048484848484846
vcseis,"bucket5$60,:3,:12086",S,s1_consensus_offset,6085.0,12.56,-0.58,11.98,60.27,9,15,0.019999999999999907,False,5.18582820892334,False,True,False,False,False,False,True,False,4.971428571428577
vcseis,"bucket8$94,:3,:12147",S,s1_consensus_offset,6146.0,22.33,-1.35,20.979999999999997,60.11,6,15,0.05999999999999983,False,38.14540481567383,False,True,False,False,False,False,True,False,4.909090909090917
vcseis,"bucket41$587,:3,:12228",S,s1_consensus_offset,6226.0,14.1,-1.635,12.465,60.625,6,15,0.10499999999999998,False,11.085434913635254,False,True,False,False,False,False,True,False,4.219354838709679
vcseis,"bucket7$989,:3,:12579",S,s1_consensus_offset,6578.0,10.24,0.49,10.73,66.27,12,15,0.05500000000000005,False,16.34479522705078,True,True,False,False,False,False,True,False,3.7333333333333316
vcseis,"bucket3$1022,:3,:12169",S,s1_consensus_offset,6168.0,25.72,-0.75,24.97,60.93,6,15,0.04500000000000004,False,4.936896324157715,False,True,False,False,False,False,True,False,3.157894736842104
vcseis,"bucket0$390,:3,:12146",P,s1_consensus_offset,5999.0,6.9,-0.34,6.5600000000000005,59.65,9,15,0.020000000000000018,False,11.420291900634766,True,True,False,False,False,False,True,False,2.9142857142857133
vcseis,"bucket0$964,:3,:12204",P,s1_consensus_offset,5999.0,18.09,-0.33,17.76,59.660000000000004,12,15,0.04999999999999999,False,15.23716926574707,True,True,False,False,False,False,True,False,2.6400000000000006
vcseis,"bucket0$964,:3,:12204",S,s1_consensus_offset,6204.0,20.14,-0.33,19.810000000000002,61.71,13,15,0.06,False,15.23716926574707,True,True,False,False,False,False,True,False,2.6
vcseis,"bucket33$573,:3,:12102",S,s1_consensus_offset,6101.0,10.35,-0.81,9.54,60.199999999999996,6,15,0.09499999999999992,False,9.198777198791504,False,True,False,False,False,False,True,False,2.234482758620691
vcseis,"bucket7$989,:3,:12579",P,s1_consensus_offset,5999.0,4.45,0.39,4.84,60.38,11,15,0.10999999999999999,False,16.34479522705078,True,True,False,False,False,False,True,False,1.7875
vcseis,"bucket22$605,:3,:12198",S,s1_consensus_offset,6197.0,16.06,-0.34,15.719999999999999,61.629999999999995,9,15,0.13000000000000003,False,4.430981636047363,False,True,False,False,False,False,True,False,1.133333333333333
vcseis,"bucket7$238,:3,:12139",S,s1_consensus_offset,6138.0,6.18,0.345,6.5249999999999995,61.725,6,15,0.09000000000000002,False,1.563869833946228,False,True,False,False,False,False,True,False,0.9857142857142857
