pair,phase,dist_bin,subset,n,recall_gap,recall_gap_lo,recall_gap_hi,n_both_detect,mae_cond_gap_s,mae_cond_gap_lo,mae_cond_gap_hi
jma_wc_ft_global_v7 - jma_wc,P,all,all,31880,-0.029548306148055207,-0.032245922208281055,-0.026881273525721457,26717,-0.019160459632443762,-0.02282680503050492,-0.015480536736909085
jma_wc_ft_global_v7 - jma_wc,P,all,s1_s2_c1,28842,-0.025136953054573193,-0.02770352264059358,-0.022605055127938423,24425,-0.017810440122824976,-0.021582835209826,-0.01376479017400205
jma_wc_ft_global_v7 - jma_wc,P,all,s1_c1,28842,-0.025136953054573193,-0.02770352264059358,-0.022605055127938423,24425,-0.017810440122824976,-0.021582835209826,-0.01376479017400205
jma_wc_ft_global_v7 - jma_wc,P,local (<150km),all,15805,-0.01170515659601392,-0.014553938627016766,-0.009046187915216705,14424,-0.014434276206322795,-0.01905289794786467,-0.009829710898502495
jma_wc_ft_global_v7 - jma_wc,P,local (<150km),s1_s2_c1,15184,-0.010339831401475237,-0.013501053740779768,-0.007374538988408853,13889,-0.014299805601555186,-0.01910423716610267,-0.0100562135502916
jma_wc_ft_global_v7 - jma_wc,P,local (<150km),s1_c1,15184,-0.010339831401475237,-0.013501053740779768,-0.007374538988408853,13889,-0.014299805601555186,-0.01910423716610267,-0.0100562135502916
jma_wc_ft_global_v7 - jma_wc,P,regional (150-1500km),all,14469,-0.042573778422835024,-0.046789688299122265,-0.03814880088464995,11887,-0.02568940859762766,-0.032291410784891054,-0.01870036594599142
jma_wc_ft_global_v7 - jma_wc,P,regional (150-1500km),s1_s2_c1,12115,-0.03549319026000825,-0.040198101527032605,-0.030788278992983906,10179,-0.02342960998133412,-0.02959865900383142,-0.01695625798212005
jma_wc_ft_global_v7 - jma_wc,P,regional (150-1500km),s1_c1,12115,-0.03549319026000825,-0.040198101527032605,-0.030788278992983906,10179,-0.02342960998133412,-0.02959865900383142,-0.01695625798212005
jma_wc_ft_global_v7 - jma_wc,P,teleseismic (>1500km),all,1298,-0.10092449922958398,-0.11941448382126348,-0.0839753466872111,142,0.011338028169014074,-0.0016214788732394454,0.02697535211267605
jma_wc_ft_global_v7 - jma_wc,P,teleseismic (>1500km),s1_s2_c1,1253,-0.10215482841181166,-0.12130885873902633,-0.08140462889066241,111,0.01621621621621621,0.0016193693693693652,0.034414414414414396
jma_wc_ft_global_v7 - jma_wc,P,teleseismic (>1500km),s1_c1,1253,-0.10215482841181166,-0.12130885873902633,-0.08140462889066241,111,0.01621621621621621,0.0016193693693693652,0.034414414414414396
jma_wc_ft_global_v7 - jma_wc,P,unknown,all,308,-0.032467532467532464,-0.05844155844155844,-0.006493506493506494,264,0.0001893939393939403,-0.006856060606060602,0.008031250000000002
jma_wc_ft_global_v7 - jma_wc,P,unknown,s1_s2_c1,290,-0.034482758620689655,-0.06206896551724138,-0.010344827586206896,246,0.0011382113821138244,-0.006180894308943083,0.00923069105691057
jma_wc_ft_global_v7 - jma_wc,P,unknown,s1_c1,290,-0.034482758620689655,-0.06206896551724138,-0.010344827586206896,246,0.0011382113821138244,-0.006180894308943083,0.00923069105691057
jma_wc_ft_global_v7 - jma_wc,S,all,all,16967,-0.043673012318029114,-0.04732716449578594,-0.04013526256851536,8378,-0.0009751730723322991,-0.003690857006445452,0.0014034375746001396
jma_wc_ft_global_v7 - jma_wc,S,all,s1_s2_c1,12129,-0.04781927611509605,-0.05235386264325171,-0.042540605161183936,6594,-0.006772823779193206,-0.010001933575978162,-0.00404530633909615
jma_wc_ft_global_v7 - jma_wc,S,all,s1_c1,14590,-0.04105551747772447,-0.045238176833447566,-0.037217272104180944,6608,-0.006753934624697338,-0.009690375302663437,-0.0040368871065375326
jma_wc_ft_global_v7 - jma_wc,S,local (<150km),all,12030,-0.03225270157938487,-0.03674147963424772,-0.02826059850374065,6933,-0.001709216789268715,-0.004666450310111064,0.0009266551276503692
jma_wc_ft_global_v7 - jma_wc,S,local (<150km),s1_s2_c1,9025,-0.0332409972299169,-0.03822714681440443,-0.027922437673130195,5479,-0.007495893411206423,-0.011079348421244752,-0.004201450994707064
jma_wc_ft_global_v7 - jma_wc,S,local (<150km),s1_c1,10291,-0.029734719657953552,-0.034496161694684675,-0.025070449907686327,5480,-0.0074835766423357675,-0.011064233576642336,-0.004228056569343066
jma_wc_ft_global_v7 - jma_wc,S,regional (150-1500km),all,4704,-0.07291666666666667,-0.08142006802721088,-0.06462585034013606,1295,0.002517374517374519,-0.0018710424710424655,0.006727799227799225
jma_wc_ft_global_v7 - jma_wc,S,regional (150-1500km),s1_s2_c1,2906,-0.09394356503785271,-0.10634033035099792,-0.08189091534755678,989,-0.004034378159757333,-0.009636248736097065,0.0005672396359959552
jma_wc_ft_global_v7 - jma_wc,S,regional (150-1500km),s1_c1,4099,-0.06977311539399854,-0.07856184435228104,-0.06025250060990486,1002,-0.004011976047904193,-0.008902944111776449,0.0002519960079840253
jma_wc_ft_global_v7 - jma_wc,S,unknown,all,233,-0.04291845493562232,-0.0815450643776824,-0.004291845493562232,150,0.0027999999999999995,-0.006203333333333332,0.010601666666666665
jma_wc_ft_global_v7 - jma_wc,S,unknown,s1_s2_c1,198,-0.03535353535353535,-0.07083333333333322,0.005050505050505051,126,0.0031746031746031746,-0.006349206349206349,0.0123015873015873
jma_wc_ft_global_v7 - jma_wc,S,unknown,s1_c1,200,-0.035,-0.07,0.005,126,0.0031746031746031746,-0.006349206349206349,0.0123015873015873
jma_wc_ft_global_v7 - instance,P,all,all,31880,-0.024968632371392723,-0.02835712045169385,-0.021611511919698873,26085,-0.0034188230783975455,-0.008679125934445083,0.0020735959363618935
jma_wc_ft_global_v7 - instance,P,all,s1_s2_c1,28842,-0.019762845849802372,-0.02326555023923445,-0.016327751196172254,23851,-0.006332229256634942,-0.012279946333487064,-0.0004109471300993672
jma_wc_ft_global_v7 - instance,P,all,s1_c1,28842,-0.019762845849802372,-0.02326555023923445,-0.016327751196172254,23851,-0.006332229256634942,-0.012279946333487064,-0.0004109471300993672
jma_wc_ft_global_v7 - instance,P,local (<150km),all,15805,0.01176842771274913,0.0074659917747548245,0.016262258778867448,13917,-0.030338435007544722,-0.03752069411511102,-0.022908547100668253
jma_wc_ft_global_v7 - instance,P,local (<150km),s1_s2_c1,15184,0.012579030558482614,0.008230703371970497,0.01679399367755532,13407,-0.031749832177220855,-0.039946837472961884,-0.023381815469530845
jma_wc_ft_global_v7 - instance,P,local (<150km),s1_c1,15184,0.012579030558482614,0.008230703371970497,0.01679399367755532,13407,-0.031749832177220855,-0.039946837472961884,-0.023381815469530845
jma_wc_ft_global_v7 - instance,P,regional (150-1500km),all,14469,-0.06759278457391665,-0.07277628032345014,-0.06233844771580621,11831,0.028280787760966954,0.021546678218240217,0.03651493956554814
jma_wc_ft_global_v7 - instance,P,regional (150-1500km),s1_s2_c1,12115,-0.06240198101527033,-0.06826454808089145,-0.05711721007016096,10151,0.026913604570978227,0.01878012018520343,0.0350162299280859
jma_wc_ft_global_v7 - instance,P,regional (150-1500km),s1_c1,12115,-0.06240198101527033,-0.06826454808089145,-0.05711721007016096,10151,0.026913604570978227,0.01878012018520343,0.0350162299280859
jma_wc_ft_global_v7 - instance,P,teleseismic (>1500km),all,1298,-0.0015408320493066256,-0.020030816640986132,0.01694915254237288,86,0.01081395348837209,-0.03913372093023249,0.05523837209302327
jma_wc_ft_global_v7 - instance,P,teleseismic (>1500km),s1_s2_c1,1253,-0.0015961691939345571,-0.01837589784517157,0.01596169193934557,59,0.00627118644067796,-0.06288983050847458,0.07051271186440677
jma_wc_ft_global_v7 - instance,P,teleseismic (>1500km),s1_c1,1253,-0.0015961691939345571,-0.01837589784517157,0.01596169193934557,59,0.00627118644067796,-0.06288983050847458,0.07051271186440677
jma_wc_ft_global_v7 - instance,P,unknown,all,308,-0.006493506493506494,-0.045454545454545456,0.032467532467532464,251,-0.009880478087649407,-0.04843924302788843,0.02219521912350597
jma_wc_ft_global_v7 - instance,P,unknown,s1_s2_c1,290,-0.010344827586206896,-0.05172413793103448,0.027586206896551724,234,0.004572649572649574,-0.013932692307692306,0.02513034188034188
jma_wc_ft_global_v7 - instance,P,unknown,s1_c1,290,-0.010344827586206896,-0.05172413793103448,0.027586206896551724,234,0.004572649572649574,-0.013932692307692306,0.02513034188034188
jma_wc_ft_global_v7 - instance,S,all,all,16967,0.11304296575705781,0.10714917192196617,0.11899717097895915,6167,-0.004741365331603698,-0.007857953624128425,-0.0015518890870763738
jma_wc_ft_global_v7 - instance,S,all,s1_s2_c1,12129,0.12639129359386594,0.11946574325995547,0.13381358727017892,4857,-0.013452748610253244,-0.017270228536133414,-0.009763228330245007
jma_wc_ft_global_v7 - instance,S,all,s1_c1,14590,0.10603152844413982,0.09979266620973269,0.11254455106237149,4857,-0.013452748610253244,-0.017270228536133414,-0.009763228330245007
jma_wc_ft_global_v7 - instance,S,local (<150km),all,12030,0.0857024106400665,0.07888403990024938,0.09235245220282627,5648,-0.005265580736543911,-0.008728753541076488,-0.001690465651558074
jma_wc_ft_global_v7 - instance,S,local (<150km),s1_s2_c1,9025,0.09019390581717451,0.0824376731301939,0.09817451523545706,4472,-0.014340339892665473,-0.01838718694096601,-0.010623714221824686
jma_wc_ft_global_v7 - instance,S,local (<150km),s1_c1,10291,0.079098241181615,0.07161597512389467,0.08609707511417744,4472,-0.014340339892665473,-0.01838718694096601,-0.010623714221824686
jma_wc_ft_global_v7 - instance,S,regional (150-1500km),all,4704,0.18133503401360543,0.16964285714285715,0.19388286564625848,405,0.003358024691358029,-0.006963580246913572,0.014469135802469134
jma_wc_ft_global_v7 - instance,S,regional (150-1500km),s1_s2_c1,2906,0.23743977976600136,0.22092222986923607,0.254301445285616,288,-0.0034027777777777823,-0.015312500000000003,0.009273437499999997
jma_wc_ft_global_v7 - instance,S,regional (150-1500km),s1_c1,4099,0.1717492071236887,0.160282995852647,0.18272749451085632,288,-0.0034027777777777823,-0.015312500000000003,0.009273437499999997
jma_wc_ft_global_v7 - instance,S,unknown,all,233,0.1459227467811159,0.08583690987124463,0.2017167381974249,114,-0.007543859649122805,-0.025008771929824553,0.009214912280701752
jma_wc_ft_global_v7 - instance,S,unknown,s1_s2_c1,198,0.14646464646464646,0.09090909090909091,0.20707070707070707,97,-0.0023711340206185546,-0.019278350515463918,0.014845360824742273
jma_wc_ft_global_v7 - instance,S,unknown,s1_c1,200,0.145,0.09,0.205,97,-0.0023711340206185546,-0.019278350515463918,0.014845360824742273
